"","text_id","first_line","text_raw","text_lemm","text_acc"
"1","C_125__1","Певец, опершись о гранит,","Певец, опершись о гранит,
Смотрел я с чувством вдохновенья
На твой величественный вид
Колосс — вселенной удивленье!
Ты блеском царственным своим
Меня невольно поражаешь ,
И чем - то радостным , святым,
Младое сердце наполняешь.
Моим представилось очам :
Лучами озлащенный Феба,
Парящий, мнится, к небесам
Благословенный Ангел неба!
Держа в руках символ святой ,
Ты с высоты на нас взираешь;
Самодержавною рукой
Святую Русь благословляешь.
Ты наш! в тебе я узнаю
Царя — спасителя вселенной!
И Царским ликом восхищенный,
Как, очарованный стою.","певец, опираться о гранит,
смотреть я с чувство вдохновение
на твой величественный вид
колосс — вселенная удивление!
ты блеск царственный свой
я невольно поражать ,
и чем - то радостный , святой,
младой сердце наполнять.
мой представляться око :
луч озлащать феб,
парить, мниться, к небо
благословенный ангел небо!
держать в рука символ святой ,
ты с высота на мы взирать;
самодержавный рука
святой русь благословлять.
ты наш! в ты я узнавать
царь — спаситель вселенная!
и царский лик восхищенный,
как, очарованный стоять.
","Певе'ц, оперши'сь о грани'т,
Смотре'л я с чу'вством вдохнове'нья
На твой вели'чественный вид
Коло'сс — вселе'нной удивле'нье!
Ты бле'ском ца'рственным свои'м
Меня' нево'льно поража'ешь ,
И чем - то ра'достным , святы'м,
Младо'е се'рдце наполня'ешь.
Мои'м предста'вилось оча'м :
Луча'ми озла'щенный Фе'ба,
Паря'щий, мни'тся, к небеса'м
Благослове'нный А'нгел не'ба!
Держа' в рука'х си'мвол свято'й ,
Ты с высоты' на нас взира'ешь;
Самодержа'вною руко'й
Святу'ю Русь благословля'ешь.
Ты наш! в тебе' я узна'ю
Царя' — спаси'теля вселе'нной!
И Ца'рским ли'ком восхи'щенный,
Как, очаро'ванный стою'.
"
"2","C_125__2","Ночь воцарилась, над горой","Ночь воцарилась, над горой
Лупа медлительно всплывает
И тускло бледною струей
Шатер безмолвный освещает.
Затихла Альта; в берега
Валы бурливые не плещут ,
На гладкой зыби лишь трепещут.
Луны серебряной рога.
Стоит недвижно бор дремучий ,
Поляна дикая молчит;
Но вот зашла луна за тучи
И мрачен стал природы вид.

Как перлы, звезды кротко тлеют,
Лия с высот чуть видный свет;
Мрачнее бор, поля темнеют ,
Пронесся вихрь -- предвестник бед.
И лес шатнулся почернелый ,
Плеснулся в берег шумный вал,
Протяжно берег простонал,
И снова мертвый , онемелый,
В глубокой замер тишине.
В туманном поле, чьи во тьме,
Среди глухой безмолвной ночи,
Как угль горя , сверкают очи ?
Злодеи тайные идут
К шатру , неистовой толпою,
И гибель верную с собою
Страдальцу юному несут.

Объятый горестным волненьем
Перед иконою святой,
Несчастный Князь к Творцу моленьем
Летел с открытою душой,
Ему поведав все страданья
Гонений страшных — скорбный плод ,
Он ждал с надеждой упованья
Уж близкий в вечность переход.
Убийцу знав , но чуждый мщенья ,
Ему давно , давно простил ,
И от души Творца молил
Злодею — брату отпущенья.

Погибель верная близка
Свершится скоро злодеянье,
Не даром тайная тоска,
Не даром груди волнованье;
И Князь скрепив невольный вздох
Иконе Спаса приложился,
На все взглянул, со всем простился-
Потом на одр безмолвно лег
И ждал удара рокового
С немой решимостью в груди.

""Защитник слабых! о, спеши !
Призри страдальца без покрова,-
Рука преступная готова ,
Кинжале висит уж острием;
Приосени его щитом —
И сохрани от злобы мщенья!""
Увы! напрасные моленья
Свершится замысел убийц.
К Борису рвением пылая,
Перед иконой падши ниц,
Как дева слабая , рыдая
Георгий отрок так молил
Творца сердечною мольбою,
Чтоб Он, Всевышнею рукою
Удар от князя отвратил.

Лампада тихо догарает.
Сияя брезжущьм огнем
И умирающим лучем
Предметы тускло озаряет.
Как истукан несчастный князь
Со всем без жизни, без движенья,
Мечтой от мира отделясь
Парил в надзвездные селенья.
В сей роковой, священный миг
В нем страх земной на век затих
Его душа в,святом забвенье
Не помнит мир. Ни мщенья яд,
Ни смерти грозной приближенье
Страдальца чувства не смутят.
Какой - то говор сокровенный
Бориса весело зовет:
Как несчастливец заключенный
Душа святая воли ждет.
Вдруг слышен тум, еще слышнее,
И вот, как тать, вошла в шатер
Убийцы злобой пламенея,
Ужасен был их смутный взор;
Ланиты впалые горели 
Какой - то яростью немой,
Они привычною рукой
Железо острое вертели, 
И взгляды беглые кругом
Нетерпеливо обводили
Вдруг в выражении немом
На одр печальный устремили.
Но медлили.... Невольный страх
В убийц внезапно поселился:
Дрожат кинжалы в их руках
И первый раз в них пробудился
Забытой совести укор.

Свершить им страшно преступленье:
Возникшей совести мученье.
Святая жертва... Суд небесный...
Теснят их тайною тоской.
Они в смущеньи пред собой
Узрели Спаса лик чудесный,
И в их раскаянную грудь
Благое семя заронилось,
Еще открыт к спасенью путь ,
Еще для них не затворилось .
Дверь милосердия Творца,
Не отвратил еще лица
И от раскаянных злодеев.

Но все напрасно в их душах .
Сильней корысть заговорила,
И безвозвратно заглушила
Едва возникший Божий страх.
Опять в них совесть притаилась..
И не проснется уж к добру!
Как волки гладные, к одру
Злодеев шайка устремилась.
Взвился убийственный кинжал
Намечен был удар холодной
И жертвой злобы, первый пал
Георгий отрок благородный,
Отягощённою главой
Несчастный к груди преклонился,
И медленно с одра скатился
Сжав меч бессильною рукой,
На груди отрока сияла
Златая цепь — заслуги знак;
В опустошительных боях
Его душа огнем пылала:
В ряды врагов не раз врезал
Он меч отчаяньем водимый,
Не раз удар неотразимый
Он от Бориса отражал.
Готовый жертвовать собой
Он не страшился смерти злой,
И пал с отрадною мечтою
За князя — чистою душею.

Пленяся цепью золотою
Злодеи снять ее желали,
Но снять не могши , оторвали
Ее холодною рукой
С невинной, детскою главой.

Мелькнуло лезвие кинжала
Перед таинственным одром;
(Страдалец пал, его не стало!...
С святым бессмертия венцом.
Душа Бориса воспарила,
Оставя бренный свой кумир,
Корабль средь бури , без кормила
Пучину зол и дольний мир.

Далеким пламенным щитом
Немой свидетель, злодеянья ,
Луна висела над шатром
И бледно - палевым лучем,
Лила дрожащее сиянье.
Тряхнулась ветвь глухой сосны,
Раздалось тяжкое роптанье
Эолом взброшенной волны,
И огласился дол отзывом
При блеске тусклом и сонливом
Уже бледнеющей луны.","ночь воцаряться, над гора
лупа медлительно всплывать
и тускло бледный струя
шатер безмолвный освещать.
затихать альт; в берег
вал бурливый не плескать ,
на гладкий зыбь лишь трепетать.
луна серебряный рог.
стоять недвижно бор дремучий ,
поляна дикий молчать;
но вот зайти луна за туча
и мрачный становиться природа вид.

как перл, звезда кротко тлеть,
лия с высота чуть видный свет;
мрачный бор, поле темнеть ,
пронестись вихорь -- предвестник беда.
и лес шатнуться почернелый ,
плескиваться в берег шумный вал,
протяжно берег простонать,
и снова мертвый , онемелый,
в глубокий замирать тишина.
в туманный поле, чей во тьма,
среди глухой безмолвный ночь,
как уголь горе , сверкать око ?
злодей тайный идти
к шатер , неистовый толпа,
и гибель верный с себя
страдалец юный нести.

объять горестный волнение
перед икона святой,
несчастный князь к творец моление
лететь с открытый душа,
он поведывать весь страдание
гонение страшный — скорбный плод ,
он ждать с надежда упование
уж близкий в вечность переход.
убийца знать , но чуждый мщение ,
он давно , давно прощать ,
и от душа творец молить
злодей — брат отпущение.

погибель верный близкий
свершаться скоро злодеяние,
не даром тайный тоска,
не даром грудь волнование;
и князь скреплять невольный вздох
икона спас прикладываться,
на весь взглядывать, со все прощаться-
потом на одр безмолвно ложиться
и ждать удар роковой
с немой решимость в грудь.

""защитник слабый! о, спешить !
призревать страдалец без покров,-
рука преступный готовый ,
кинжал висеть уж острие;
приосень его щит —
и сохранять от злоба мщение!""
увы! напрасный моление
свершаться замысел убийца.
к борис рвение пылать,
перед икона падшать ниц,
как дева слабый , рыдать
георгий отрок так молить
творец сердечный мольба,
чтоб он, всевышний рука
удар от князь отвращать.

лампада тихо догарать.
сиять брезжущьм огонь
и умирать луч
предмет тускло озарять.
как истукан несчастный князь
со весь без жизнь, без движение,
мечта от мир отделиться
парить в надзвездный селение.
в сей роковой, священный миг
в немой страх земной на век затихать
его душа в,святой забвение
не помнить мир. ни мщение яд,
ни смерть грозный приближение
страдалец чувство не смущать.
какой - то говор сокровенный
борис весело звать:
как несчастливец заключенный
душа святой воля ждать.
вдруг слышный тума, еще слышный,
и вот, как тать, входить в шатер
убийца злоба пламенеть,
ужасный быть их смутный взор;
ланита впалый гореть 
какой - то ярость немой,
они привычный рука
железо острый вертеть, 
и взгляд беглый кругом
нетерпеливо обводить
вдруг в выражение немой
на одр печальный устремлять.
но медлить.... невольный страх
в убийца внезапно поселяться:
дрожать кинжал в их рука
и первый раз в они пробуждаться
забывать совесть укор.

свершать они страшно преступление:
возникать совесть мучение.
святой жертва... суд небесный...
теснить они тайна тоска.
они в смущение пред себя
узреть спас лик чудесный,
и в их раскаянный грудь
благой семя зарониться,
еще открывать к спасение путь ,
еще для они не затворяться .
дверь милосердие творец,
не отвращать еще лицо
и от раскаянный злодей.

но все напрасно в их душа .
сильно корысть заговаривать,
и безвозвратно заглушать
едва возникать божий страх.
опять в они совесть притаиться..
и не просыпаться уж к добро!
как волк гладные, к одр
злодей шайка устремляться.
взвиваться убийственный кинжал
намечать быть удар холодный
и жертва злоба, первый пал
георгий отрок благородный,
отягощать глава
несчастный к грудь преклоняться,
и медленно с одр скатиться
сжинать меч бессильный рука,
на грудь отрок сиять
златой цепь — заслуга знак;
в опустошительный бой
его душа огонь пылать:
в ряд враг не раз врезать
он меч отчаяние водить,
не раз удар неотразимый
он от борис отражать.
готовый жертвовать себя
он не страшиться смерть злой,
и пасть с отрадный мечта
за князь — чистый душа.

пленясти цепь золотой
злодей снимать она желать,
но снимать не мочь , отрывать
она холодный рука
с невинный, детская глава.

мелькнуть лезвие кинжал
перед таинственный одр;
(страдалец пал, он не становиться!...
с святой бессмертие венец.
душа борис воспарять,
оставить бренный свой кумир,
корабль средь буря , без кормить
пучина зло и дольний мир.

далекий пламенный щит
немой свидетель, злодеяние ,
луна висеть над шатер
и бледно - палевый луч,
лить дрожать сияние.
тряхнуться ветвь глухой сосна,
раздаваться тяжкий роптание
эолом взбрасывать волна,
и оглашаться дол отзыв
при блеск тусклый и сонливый
уже бледнеть луна.
","Певе'ц, оперши'сь о грани'т,
Смотре'л я с чу'вством вдохнове'нья
На твой вели'чественный вид
Коло'сс — вселе'""нной удивле'нье!
Ты бле'ском ца'рственным свои'м
Меня' нево'льно поража'ешь ,
И чем - то ра'достным , святы'м,
Младо'е се'рдце наполня'ешь.
Мои'м предста'вилось оча'м :
Луча'ми озла'щенный Фе'ба,
Паря'щий, мни'тся, к небеса'м
Благослове'нный А'нгел не'ба!
Держа' в рука'х си'мвол свято'й ,
Ты с высоты' на нас взира'ешь;
Самодержа'вною руко'й
Святу'ю Русь благословля'ешь.
Ты наш! в тебе' я узна'ю
Царя' — спаси'теля вселе'""нной!
И Ца'рским ли'ком восхи'щенный,
Как, очаро'ванный стою'.
"
"3","C_125__3","В часы спокойствия, в часы уединенья,","В часы спокойствия, в часы уединенья,
Когда душа моя беседует с мечтой,
Когда мой дух стремится в мир иной
В мир идеальный наслажденья,

Когда поэзии невольно звук сольется
В моей тоскующей и страждущей груди,
И сердце бедное надеждою забьется
Надеждой радости и пламенной любви.:

Тогда душа моя спокойно отдыхает
Вкушая с жадностью приятства всей земли
И призрак счастия, как сон, мелькнув вдали
Меня забытого надеждой утешает.","в час спокойствие, в час уединение,
когда душа мой беседовать с мечта,
когда мой дух стремиться в мир иной
в мир идеальный наслаждение,

когда поэзия невольно звук сливаться
в мой тосковать и страждущий грудь,
и сердце бедный надежда забиваться
надежда радость и пламенный любовь.:

тогда душа мой спокойно отдыхать
вкушать с жадность приятство весь земля
и призрак счастие, как сон, мелькнуть вдали
я забывать надежда утешать.
","Ночь воцари'лась, над горо'й
Лу'па медли'тельно всплыва'ет
И ту'скло бле'дною струёй
Шатёр безмо'лвный освеща'ет.
Зати'хла Альта'; в бе'рега
Валы' бурли'вые не пле'щут ,
На гла'дкой зы'би лишь трепе'щут.
Луны' сере'бряной рога'.
Сто'ит недви'жно бор дрему'чий ,
Поля'на ди'кая молчи'т;
Но вот зашла' луна' за ту'чи
И мра'чен стал приро'ды вид.

Как пе'рлы, звезды' кро'тко тле'ют,
Ли'я с высо'т чуть ви'дный свет;
Мрачне'е бор, по'ля темне'ют ,
Пронёсся вихрь -- предве'стник бед.
И лес шатну'лся почерне'лый ,
Плесну'лся в бе'рег шу'мный вал,
Протя'жно бе'рег простона'л,
И сно'ва мёртвый , онеме'лый,
В глубо'кой заме'р тишине'.
В тума'нном по'ле, чьи во тьме,
Среди' глухо'й безмо'лвной но'чи,
Как угль го'ря , сверка'ют о'чи ?
Злоде'и та'йные иду'т
К шатру' , неи'стовой толпо'ю,
И ги'бель ве'рную с собо'ю
Страда'льцу ю'ному несу'т.

Объя'тый го'рестным волне'ньем
Пе'ред ико'ною свято'й,
Несча'стный Князь к Творцу' моле'ньем
Лете'л с откры'тою душо'й,
Ему' пове'дав все страда'нья
Гоне'ний стра'шных — ско'рбный плод ,
Он ждал с наде'ждой упова'нья
Уж бли'зкий в ве'чность перехо'д.
Уби'йцу знав , но чу'ждый мще'нья ,
Ему' давно' , давно' прости'л ,
И от ду'ши Творца' моли'л
Злоде'ю — бра'ту отпуще'нья.

Поги'бель ве'рная близка'
Сверши'тся ско'ро злодея'нье,
Не да'ром та'йная тоска',
Не да'ром гру'ди волнова'нье;
И Князь скрепи'в нево'льный вздох
Ико'не Спа'са приложи'лся,
На все взгляну'л, со всем прости'лся-
Пото'м на одр безмо'лвно лег
И ждал уда'ра роково'го
С немо'й реши'мостью в груди'.

""Защи'тник сла'бых! о, спеши' !
Призри' страда'льца без покро'ва,-
Рука' престу'пная гото'ва ,
Кинжа'ле виси'т уж остриём;
Прио'сени его' щито'м —
И сохрани' от зло'бы мще'нья!""
Увы'! напра'сные моле'нья
Сверши'тся за'мысел уби'йц.
К Бори'су рве'нием пыла'я,
Пе'ред ико'ной падши' ниц,
Как де'ва сла'бая , рыда'я
Гео'ргий о'трок так моли'л
Творца' серде'чною мольбо'ю,
Чтоб Он, Всевы'шнею руко'ю
Уда'р от кня'зя отврати'л.

Лампа'да ти'хо догара'ет.
Сия'я брезжу'щьм огнём
И умира'ющим лу'чем
Предме'ты ту'скло озаря'ет.
Как истука'н несча'стный князь
Со всем без жи'зни, без движе'нья,
Мечто'й от ми'ра отделя'сь
Пари'л в надзвёздные селе'нья.
В сей роково'й, свяще'нный миг
В нем страх земно'й на век зати'х
Его' душа' в,свято'м забве'нье
Не по'мнит мир. Ни мще'нья яд,
Ни сме'рти гро'зной приближе'нье
Страда'льца чу'вства не смутя'т.
Како'й - то го'вор сокрове'нный
Бори'са ве'село зовёт:
Как несчастли'вец заключённый
Душа' свята'я во'ли ждет.
Вдруг слы'шен тум, ещё слышне'е,
И вот, как тать, вошла' в шатёр
Уби'йцы зло'бой пламене'я,
Ужа'сен был их сму'тный взор;
Лани'ты впа'лые горе'ли
Како'й - то я'ростью немо'й,
Они' привы'чною руко'й
Желе'зо о'строе верте'ли,
И взгля'ды бе'глые круго'м
Нетерпели'во обводи'ли
Вдруг в выраже'нии немо'м
На одр печа'льный устреми'ли.
Но ме'длили.... Нево'льный страх
В уби'йц внеза'пно посели'лся:
Дрожа'т кинжа'лы в их рука'х
И пе'рвый раз в них пробуди'лся
Забы'той со'вести уко'р.

Сверши'ть им стра'шно преступле'нье:
Возни'кшей со'вести му'ченье.
Свята'я же'ртва... Суд небе'сный...
Тесня'т их та'йною тоско'й.
Они' в смуще'ньи пред собо'й
Узре'ли Спа'са лик чуде'сный,
И в их раска'янную грудь
Благо'е се'мя зарони'лось,
Ещё откры'т к спасе'нью путь ,
Ещё для них не затвори'лось .
Дверь милосе'рдия Творца',
Не отврати'л ещё ли'ца
И от раска'янных злоде'ев.

Но все напра'сно в их ду'шах .
Сильне'й коры'сть заговори'ла,
И безвозвра'тно заглуши'ла
Едва' возни'кший Бо'жий страх.
Опя'ть в них со'весть притаи'лась..
И не про'снется уж к добру'!
Как во'лки гла'дные, к одру'
Злоде'ев ша'йка устреми'лась.
Взви'лся уби'йственный кинжа'л
Наме'чен был уда'р холо'дной
И же'ртвой зло'бы, пе'рвый пал
Гео'ргий о'трок благоро'дный,
Отягощённою главо'й
Несча'стный к груди' преклони'лся,
И ме'дленно с одра' скати'лся
Сжав меч бесси'льною руко'й,
На груди' о'трока сия'ла
Злата'я цепь — заслу'ги знак;
В опустоши'тельных боя'х
Его' душа' огнём пыла'ла:
В ряды' враго'в не раз вре'зал
Он меч отча'яньем води'мый,
Не раз уда'р неотра'зимый
Он от Бори'са отража'л.
Гото'вый же'ртвовать собо'й
Он не страши'лся сме'рти злой,
И пал с отра'дною мечто'ю
За кня'зя — чи'стою душе'ю.

Пленяся' це'пью золото'ю
Злоде'и снять её жела'ли,
Но снять не мо'гши , оторва'ли
Её холо'дною руко'й
С неви'нной, де'тскою главо'й.

Мелькну'ло ле'звие кинжа'ла
Пе'ред таи'нственным одро'м;
(Страда'лец пал, его' не ста'ло!...
С святы'м бессме'ртия венцо'м.
Душа' Бори'са воспари'ла,
Оста'вя бре'нный свой куми'р,
Кора'бль средь бу'ри , без корми'ла
Пучи'ну зол и до'льний мир.

Далёким пла'менным щито'м
Немо'й свиде'тель, злодея'нья ,
Луна' висе'ла над шатро'м
И бле'дно - па'левым лу'чем,
Лила' дрожа'щее сия'нье.
Тряхну'лась ветвь глухо'й сосны',
Раздало'сь тя'жкое ропта'нье
Эо'лом взбро'шенной волны',
И огласи'лся дол о'тзывом
При бле'ске ту'склом и сонли'вом
Уже' бледне'ющей луны'.
"
"4","C_125__4","Давно ли Аврора","Давно ли Аврора
Дней ясных Царица,
Из вод выплывала
Как лебедь младой,
И в море играя
Лучем серебристым,
Картиной волшебной
Была для очей.
Давно ли зефиры
Весенние гости -
Играя, порхали
По рощам, лугам,
И вешней прохладой
Грудь милой пастушки,
Лелеяли нежно
С любовью весны?
Давно ль ты о роща
Мечтателей томных,
Как друг услаждала
Под сенью своей ;
На трепетных ветвях
Тенистой дубравы,
Певец голосистой
Гремел соловей?
Давно ли дочь Флоры
Прелестная роза,
Как юная дева
Цвела на лугах,
И взоры прохожих
Манила, прельщала
Роскошной красой?
Давно ль в хороводах
Веселые песни
Гремели повсюду
Счастливых селян,
Пастух на свирели
Наигрывал милой
Заветные звуки
Любови своей.
Луч солнца отрадный
Живил всю природу 
Все в мире дышало
Утехой любви:
А ныне Аврора
Как месяц полночный
Не греет природы
Холодным лучем.
Луга опустели,
И роща заглохла
Не слышно пернатых
На ветвях древес.
Влюбленным приюта
Нет в роще заветной,
Все мрачно в природе
Тоскует любовь.
Зефиры умчались
С весной легкокрылой,
И роза увяла
До новой весны.
Так быстро проходит
И юность златая,
И мы невозвратно
Увянем, друзья,
Лишь сердце для счастья
С весною природы,
На миг в нас забьется,
На миг процветет.","давно ли аврора
день ясный царица,
из вода выплывать
как лебедь млада,
и в море играть
луч серебристый,
картина волшебный
быть для око.
давно ли зефир
весенний гость -
играть, порхать
по роща, луг,
и вешний прохлада
грудь милый пастушка,
лелеять нежно
с любовь весна?
давно ль ты о роща
мечтатель томный,
как друг услаждать
под сень свой ;
на трепетный ветвь
тенистый дубрава,
певец голосистый
греметь соловей?
давно ли дочь флора
прелестный роза,
как юный дева
цвести на луг,
и взор прохожий
манила, прельщать
роскошный краса?
давно ль в хоровод
веселый песня
греметь повсюду
счастливый селянин,
пастух на свирель
наигрывать милая
заветный звук
любовь свой.
луч солнце отрадный
живить весь природа 
все в мир дышать
утеха любовь:
а ныне аврора
как месяц полночный
не греть природа
холодный луч.
луг опустеть,
и роща заглохнуть
не слышно пернатое
на ветвь древо.
влюбленный приют
нет в роща заветный,
все мрачно в природа
тосковать любовь.
зефир умчаться
с весна легкокрылый,
и роза увянуть
до новый весна.
так быстро проходить
и юность златой,
и мы невозвратный
увянуть, друг,
лишь сердце для счастие
с весна природа,
на миг в мы забиваться,
на миг процветать.
","В часы' споко'йствия, в часы' уедине'нья,
Когда' душа' моя' бесе'дует с мечто'й,
Когда' мой дух стреми'тся в мир ино'й
В мир идеа'льный наслажде'нья,

Когда' поэ'зии нево'льно звук сольётся
В мое'й тоску'ющей и стра'ждущей груди',
И се'рдце бе'дное наде'ждою забьётся
Наде'ждой ра'дости и пла'менной любви'.:

Тогда' душа' моя' споко'йно отдыха'ет
Вкуша'я с жа'дностью прия'тства всей земли'
И при'зрак сча'стия, как сон, мелькну'в вдали'
Меня' забы'того наде'ждой утеша'ет.
"
"5","C_125__5","Куда как ты умна!","Куда как ты умна!
Дождь проливной, мятель со стужей,
А ты купаешься все в луже,
Тебе и в осень все весна!
Мне на тебя смотреть и жалко и забавно,
Ну дождь тебя промочит славно,
С насестья курица шатаясь на шесте,
Читала утке наставленье,
Что ж та в ответь куме ? —
При трусости твоей напрасно наставленье,
Я кумушка дождя ни сколько не боюсь,
Мне дождь не вред, благотворенье
Его я влагою и моюсь и свежусь.

Смысл басни сей давно читатель знает:
От критики талант не убегает.","куда как ты умный!
дождь проливной, мятель со стужа,
а ты купаться весь в лужа,
ты и в осень все весна!
я на ты смотреть и жалко и забавно,
ну дождь ты промачивать славно,
с насестье курица шататься на шест,
читать утка наставление,
что ж тот в отвечать кума ? —
при трусость твой напрасно наставление,
я кумушка дождь ни сколько не бояться,
я дождь не вред, благотворение
он я влага и мыться и свежаться.

смысл басня сей давно читатель знать:
от критика талант не убегать.
","Давно' ли Авро'ра
Дней я'сных Цари'ца,
Из вод выплыва'ла
Как ле'бедь младо'й,
И в мо'ре игра'я
Лу'чем серебри'стым,
Карти'ной волше'бной
Была' для оче'й.
Давно' ли зефи'ры
Весе'нние го'сти -
Игра'я, порха'ли
По ро'щам, луга'м,
И ве'шней прохла'дой
Грудь ми'лой пасту'шки,
Леле'яли не'жно
С любо'вью весны'?
Давно' ль ты о ро'ща
Мечта'телей то'мных,
Как друг услажда'ла
Под се'нью свое'й ;
На тре'петных ветвя'х
Тени'стой дубра'вы,
Певе'ц голоси'стой
Греме'л солове'й?
Давно' ли дочь Фло'ры
Преле'стная ро'за,
Как ю'ная де'ва
Цвела' на луга'х,
И взо'ры прохо'жих
Мани'ла, прельща'ла
Роско'шной красо'й?
Давно' ль в хорово'дах
Весёлые пе'сни
Греме'ли повсю'ду
Счастли'вых селя'н,
Пасту'х на свире'ли
Наи'грывал ми'лой
Заве'тные зву'ки
Любо'ви свое'й.
Луч со'лнца отра'дный
Живи'л всю приро'ду
Все в ми'ре дыша'ло
Уте'хой любви':
А ны'не Авро'ра
Как ме'сяц полно'чный
Не гре'ет приро'ды
Холо'дным лу'чем.
Лу'га опусте'ли,
И ро'ща загло'хла
Не слы'шно перна'тых
На ветвя'х древе'с.
Влюблённым прию'та
Нет в ро'ще заве'тной,
Все мра'чно в приро'де
Тоску'ет любо'вь.
Зефи'ры умча'лись
С весно'й легкокры'лой,
И ро'за увя'ла
До но'вой весны'.
Так бы'стро прохо'дит
И ю'ность злата'я,
И мы невозвра'тно
Увя'нем, друзья',
Лишь се'рдце для сча'стья
С весно'ю приро'ды,
На миг в нас забьётся,
На миг процветёт.
"
"6","C_125__6","В волненьи дум, в пылу страстей,","В волненьи дум, в пылу страстей,
Я забывал предразсужденья,
И часто гений вдохновенья
Во мгле таинственных ночей:
Являлся мне с мечтой унылой,
И раскрывал передо мной
Завет судьбы неумолимой
И муки сердца с суетой.
К душе холодные сомненья
Не прилетали вновь порой,
Я не спасал себя мольбой ,
И сердце билось в умиленьи.
Докучный вздох не вылетал,
Душа не знала упованья;
И я в молчании внимал
Толпы безумной состраданья.","в волнение дума, в пыл страсть,
я забывать предразсуждение,
и часто гений вдохновение
во мгла таинственный ночь:
являться я с мечта унылый,
и раскрывать передо я
завет судьба неумолимый
и мука сердце с суета.
к душа холодный сомнение
не прилетать вновь пора,
я не спасать себя мольба ,
и сердце биться в умиление.
докучный вздох не вылетать,
душа не знать упование;
и я в молчание внимать
толпа безумный сострадание.
","Куда' как ты умна'!
Дождь проливно'й, мяте'ль со сту'жей,
А ты купа'ешься все в лу'же,
Тебе' и в о'сень все весна'!
Мне на тебя' смотре'ть и жа'лко и заба'вно,
Ну дождь тебя' промо'чит сла'вно,
С на'сестья ку'рица шата'ясь на шесте',
Чита'ла у'тке наставле'нье,
Что ж та в отве'ть куме' ? —
При тру'сости твое'й напра'сно наставле'нье,
Я ку'мушка дождя' ни ско'лько не бою'сь,
Мне дождь не вред, благотворе'нье
Его' я вла'гою и мо'юсь и свежу'сь.

Смысл ба'сни сей давно' чита'тель зна'ет:
От кри'тики тала'нт не убега'ет.
"
"7","C_125__7","Был вечер. Звездочка сверкала.","Был вечер. Звездочка сверкала.
Одна на небе голубом :
Она, казалось, отдыхала
На лоне мирном и родном.
Но долго - ль ?... Туча накатилась, 
Слилась с землею темнота,
И в мраке звездочка сокрылась,
Как перелетная мечта!","быть вечер. звездочка сверкать.
один на небо голубой :
она, казаться, отдыхать
на лоно мирный и родной.
но долго - ль ?... туча накатываться, 
сливаться с земля темнота,
и в мрак звездочка сокрыться,
как перелетный мечта!
","В волне'ньи дум, в пы'лу страсте'й,
Я забыва'л предразсужде'нья,
И ча'сто ге'ний вдохнове'нья
Во мгле таи'нственных ноче'й:
Явля'лся мне с мечто'й уны'лой,
И раскрыва'л пе'редо мной
Заве'т судьбы' неумоли'мой
И муки' се'рдца с суето'й.
К душе' холо'дные сомне'нья
Не прилета'ли вновь поро'й,
Я не спаса'л себя' мольбо'й ,
И се'рдце би'лось в уми'леньи.
Доку'чный вздох не вылета'л,
Душа' не зна'ла упова'нья;
И я в молча'нии внима'л
Толпы' безу'мной сострада'нья.
"
"8","C_125__8","Как я люблю тебя мой друг!","Как я люблю тебя мой друг!
Как весел ты, и дать умеешь тону
Вчерашний бал твой!.. Да, близок к миллиону,
А что ? — О нем гремел повсюду слух !...
И только ? — что ж тебе ужели мало
И к чести истинной чего недоставало;
Все графы и князья
Все хором закричали
Прекрасна выдумка твоя ! 
Когда тебя с наследьем поздравляли;
Что ж дальше ? — замолчали,
И бала нового от друга ждут.
Дождутся верно; а награда
За мои сюрприз усердный труд
Уж верно дружество? — Нет братец ретирада
До бала нового, все вновь к тебе прильнут
И вся развязка тут.","как я любить ты мой друг!
как веселый ты, и давать уметь тон
вчерашний бал твой!.. да, близкий к миллион,
а что ? — о он греметь повсюду слух !...
и только ? — что ж ты ужели мало
и к честь истинный что недоставать;
весь граф и князь
все хор закричать
прекрасный выдумка твой ! 
когда ты с наследие поздравлять;
что ж далеко ? — замолчать,
и бал новый от друг ждать.
дождаться верно; а награда
за мой сюрприз усердный труд
уж верно дружество? — нет братец ретирада
до бал новый, все вновь к ты прильнуть
и весь развязка тут.
","Был ве'чер. Звёздочка сверка'ла.
Одна' на не'бе голубо'м :
Она', каза'лось, отдыха'ла
На ло'не ми'рном и родно'м.
Но до'лго - ль ?... Ту'ча накати'лась,
Слила'сь с землёю темнота',
И в мра'ке звёздочка сокры'лась,
Как перелётная мечта'!
"
"9","C_125__9","Прощайте добрые друзья","Прощайте добрые друзья
Фортуны ласковой любимцы
Мои былые сослуживцы
Растанусь скоро с вами я !
Пройдет недели две, не боле ,
И я помчусь быстрей орла
Искать для жизни лучшей доли,
Какая мне доднесь была.
Опять, опять в мундир военный,
Друзья! опять я облекусь,
И с Петербургом, утомленный
На долгий срок я распрощусь.
Друзья! скажу вам простодушию
Меня не льстит его молва, 
Мне в Петербурге тяжко , душно ,
Болит , кружится голова ! —
Мысль бьет туда , где все лелеет
Мечты, надежды и любовь,
Мне с той страны отрадой веет
Как с дола запахом цветов;
Туда под кров гостеприимной,,
Под кров природы и людей,
От этой праздной жизни, дымной,
От злобы света и цепей.
С каким веселием свободы
Взгляну я на весну природы
Богатой , светлой , молодой,
И на ее роскошном лоне,
Как венценосный Царь на троне
Свободной отдохну душой.
Когда же пушка вестовая-
К походу звучно прогремит,
Ваш друг сон сладкий забывая
На поле чести полетит :
И там за родину сражаясь
Умрет на лаврах улыбаясь
Иль к розам счастья поспешит.
В страну, где страстию сгорая
Я жил, и счастлив был любя,
И где невеста молодая
Томится , плачет , ждет меня....
Но полно мне мечтать так сладко
Разлука часто мне украдкой
О грусти с вами говорит.
Ах, скоро я растянусь с вами
С моими милыми друзьями,
Уж слезы капают с ланит!...
Примите же желанье дружбы: 
Да милость вечного Творца
Пребудет с вами до конца
Средь горя, отдыха и службы.","прощать добрый друг
фортуна ласковый любимец
мой былой сослуживец
растаться скоро с вы я !
пройти неделя два, не боле ,
и я помчаться быстро орел
искать для жизнь хороший доля,
какой я доднесь быть.
опять, опять в мундир военный,
друг! опять я облекаться,
и с петербург, утомленный
на долгий срок я распроститься.
друг! сказать вы простодушие
я не льстить он молва, 
я в петербург тяжко , душно ,
болеть , кружиться голова ! —
мысль бить туда , где весь лелеять
мечта, надежда и любовь,
я с тот страна отрада веять
как с дол запах цветок;
туда под кров гостеприимный,,
под кров природа и человек,
от этот праздный жизнь, дымный,
от злоба свет и цепь.
с какой веселие свобода
взглядывать я на весна природа
богатый , светлый , молодой,
и на ее роскошный лоно,
как венценосный царь на трон
свободный отдыхать душа.
когда же пушка вестовый-
к поход звучно прогреметь,
ваш друг сон сладкий забывать
на поле честь полететь :
и там за родина сражаться
умирать на лавр улыбаться
иль к роза счастие поспешить.
в страна, где страстие сгорать
я жить, и счастливый быть любить,
и где невеста молодой
томиться , плакать , ждать я....
но полно я мечтать так сладко
разлука часто я украдкой
о грусть с вы говорить.
ах, скоро я растягиваться с вы
с мой милый друг,
уж слеза капать с ланит!...
принимать же желание дружба: 
да милость вечный творец
пребыть с вы до конец
средь горе, отдых и служба.
","Как я люблю' тебя' мой друг!
Как ве'сел ты, и дать уме'ешь то'ну
Вчера'шний бал твой!.. Да, бли'зок к миллио'ну,
А что ? — О нем греме'л повсю'ду слух !...
И то'лько ? — что ж тебе' уже'ли ма'ло
И к че'сти и'стинной чего' недостава'ло;
Все гра'фы и князья'
Все хо'ром закрича'ли
Прекра'сна вы'думка твоя' !
Когда' тебя' с насле'дьем поздравля'ли;
Что ж да'льше ? — замолча'ли,
И ба'ла но'вого от дру'га ждут.
Дожду'тся ве'рно; а награ'да
За мои' сюрпри'з усе'рдный труд
Уж ве'рно дру'жество? — Нет бра'тец ретира'да
До ба'ла но'вого, все вновь к тебе' прильну'т
И вся развя'зка тут.
"
"10","C_125__10","Спешит уж солнце утопать","Спешит уж солнце утопать
В морские волны; и лучами
Оно прощается уж с нами....
Мы с ним увидимся опять.
Вот закатилось.... след багровый
Еще на западе горит,
На черных крыльях ночь спешит
Одет весь мир одеждой новой.

У моря здесь волна волну
Как быстро гонит за собою
Кипит.... и пеною седою
Вверх брызжет с шумом на скалу,
Я здесь один на берегу,
Ко мне лишь брызги долетают,
Струею влажной орошают
Мою горящую щеку.

Свои мечтанья я вверяю
Лишь только плещущим волнам,
Скале мохнатой, берегам,
Ах ! сладко я, мой друг, мечтаю !
Как берег стонет от волны,
Так сердце стонет от страданий...,
Сопутницы очарований —
Мечты , куда умчались вы ?

Я знаю мчитесь вы куда:
Но труд ваш жалок и напрасен,
Он безразсуден, он ужасен,
Не избежите вы Суда!
Раздрать завесу вы хотите,
Сорвать с природы всей печать,
Постигнуть все.... вас удержать
Не в силах я.... куда спешите ?

Для вас все в мире непонятно:
Кто человек и от кого ?
Кто он? кем создан ? для чего ?
За гробом что ? вам знать приятно!
Вы рветесь, силитесь.... напрасно!
Пред вами там густая мгла,
Нет брега морю, бездне дна....
Об этом и мечтать ужас но <sic>

Людям сего не доверяю,
Но только плещущим волнам,
Скале мохнатой, берегам ,
Ах! сладко я, мой друг, мечтаю!","спешить уж солнце утопать
в морской волна; и луч
оно прощаться уж с мы....
мы с он увидеться опять.
вот закатываться.... след багровый
еще на запад гореть,
на черный крыло ночь спешить
одевать весь мир одежда новый.

у море здесь волна волна
как быстро гнать за себя
кипеть.... и пена седой
вверх брызгать с шум на скала,
я здесь один на берег,
ко я лишь брызги долетать,
струя влажный орошать
мой гореть щека.

свой мечтание я вверять
лишь только плескать волна,
скала мохнатый, берег,
ах ! сладко я, мой друг, мечтать !
как берег стонать от волна,
так сердце стонать от страдание...,
сопутница очарование —
мечта , куда умчаться вы ?

я знать мчаться вы куда:
но труд ваш жалкий и напрасный,
он безразсудно, он ужасный,
не избегать вы суд!
раздрать завеса вы хотеть,
сорвать с природа весь печать,
постигать весь.... вы удерживать
не в сила я.... куда спешить ?

для вы все в мир непонятный:
кто человек и от кто ?
кто он? кто создавать ? для что ?
за гроб что ? вы знать приятно!
вы рваться, силиться.... напрасно!
пред вы там густой мгла,
нет брег море, бездна дно....
об это и мечтать ужас но <sic>

человек сие не доверять,
но только плескать волна,
скала мохнатый, берег ,
ах! сладко я, мой друг, мечтать!
","Проща'йте до'брые друзья'
Форту'ны ла'сковой люби'мцы
Мои' былы'е сослужи'вцы
Раста'нусь ско'ро с ва'ми я !
Пройдёт неде'ли две, не бо'ле ,
И я помчу'сь быстре'й орла'
Иска'ть для жи'зни лу'чшей до'ли,
Кака'я мне додне'сь была'.
Опя'ть, опя'ть в мунди'р вое'нный,
Друзья'! опя'ть я облеку'сь,
И с Петербу'ргом, утомлённый
На до'лгий срок я распрощу'сь.
Друзья'! скажу' вам простоду'шию
Меня' не льстит его' молва',
Мне в Петербу'рге тя'жко , ду'шно ,
Боли'т , кру'жится голова' ! —
Мысль бьет туда' , где все леле'ет
Мечты', наде'жды и любо'вь,
Мне с той страны' отра'дой ве'ет
Как с до'ла за'пахом цвето'в;
Туда' под кров гостеприи'мной,,
Под кров приро'ды и люде'й,
От э'той пра'здной жи'зни, ды'мной,
От зло'бы све'та и цепе'й.
С каки'м весе'лием свобо'ды
Взгляну' я на весну' приро'ды
Бога'той , све'тлой , молодо'й,
И на её роско'шном ло'не,
Как венцено'сный Царь на тро'не
Свобо'дной отдохну' душо'й.
Когда' же пу'шка вестова'я-
К похо'ду зву'чно прогреми'т,
Ваш друг сон сла'дкий забыва'я
На по'ле че'сти по'летит :
И там за ро'дину сража'ясь
Умрёт на ла'врах улыба'ясь
Иль к ро'зам сча'стья поспеши'т.
В страну', где стра'стию сгора'я
Я жил, и сча'стлив был любя',
И где неве'ста молода'я
Томи'тся , пла'чет , ждет меня'....
Но полно' мне мечта'ть так сла'дко
Разлу'ка ча'сто мне укра'дкой
О грусти' с ва'ми говори'т.
Ах, ско'ро я растяну'сь с ва'ми
С мои'ми ми'лыми друзья'ми,
Уж сле'зы ка'пают с лани'т!...
Прими'те же жела'нье дру'жбы:
Да ми'лость ве'чного Творца'
Пребу'дет с ва'ми до конца'
Средь го'ря, о'тдыха и слу'жбы.
"
"11","C_125__11","Люблю того, кто убежал","Люблю того, кто убежал
От слабостей завистливого света, 
Кто звание свободного поэта
На громкие чины не променял :
Кто за обиды мстил презреньем ,
Кто не был дерзостным льстецом
Перед бессмысленным глупцом — 
Перед слепым уничиженьем.
Люблю того, кто уступал ,
Врагов неопытных злословью,
Кто к другу верному пылал
Святою братскою любовью !
Люблю тебя, товарищ молодой , 
Любимец Бога песнопенья;
Я знаю тот, не любит принужденья
Кто с пылкою рожден душой ;
И счастлив ты в сем грозном мире ;
Тебя не тронет злой порок
Ты будет оглашать свой скромный уголок
Свободной песнию на лире.","любить то, кто убегать
от слабость завистливый свет, 
кто звание свободный поэт
на громкий чин не променивать :
кто за обида мстить презрение ,
кто не быть дерзостный льстец
перед бессмысленный глупец — 
перед слепой уничижение.
любить то, кто уступать ,
враг неопытный злословие,
кто к друг верный пылать
святой братский любовь !
любить ты, товарищ молодой , 
любимец бог песнопение;
я знать тот, не любить принуждение
кто с пылкий рожать душа ;
и счастливый ты в сие грозный мир ;
ты не тронуть злой порок
ты быть оглашать свой скромный уголок
свободный песния на лира.
","Спеши'т уж со'лнце утопа'ть
В морски'е во'лны; и луча'ми
Оно' проща'ется уж с на'ми....
Мы с ним уви'димся опя'ть.
Вот закати'лось.... след багро'вый
Ещё на за'паде гори'т,
На чёрных кры'льях ночь спеши'т
Оде'т весь мир оде'ждой но'вой.

У мо'ря здесь волна' волну'
Как бы'стро го'нит за собо'ю
Кипи'т.... и пе'ною седо'ю
Вверх бры'зжет с шу'мом на ска'лу,
Я здесь оди'н на берегу',
Ко мне лишь бры'зги долета'ют,
Струёю вла'жной ороша'ют
Мою' горя'щую щеку'.

Свои' мечта'нья я вверя'ю
Лишь то'лько пле'щущим волна'м,
Ска'ле мохна'той, берега'м,
Ах ! сла'дко я, мой друг, мечта'ю !
Как бе'рег сто'нет от волны',
Так се'рдце сто'нет от страда'ний...,
Сопу'тницы очарова'ний —
Мечты' , куда' умча'лись вы ?

Я зна'ю мчи'тесь вы куда':
Но труд ваш жа'лок и напра'сен,
Он безразсу'ден, он ужа'сен,
Не избежи'те вы Суда'!
Раздра'ть заве'су вы хоти'те,
Сорва'ть с приро'ды всей печа'ть,
Пости'гнуть все.... вас удержа'ть
Не в си'лах я.... куда' спеши'те ?

Для вас все в ми'ре непоня'тно:
Кто челове'к и от кого' ?
Кто он? кем со'здан ? для чего' ?
За гро'бом что ? вам знать прия'тно!
Вы рвётесь, си'литесь.... напра'сно!
Пред ва'ми там густа'я мгла,
Нет брега' мо'рю, бе'здне дна....
Об э'том и мечта'ть у'жас но <sic>

Лю'дям сего' не доверя'ю,
Но то'лько пле'щущим волна'м,
Ска'ле мохна'той, берега'м ,
Ах! сла'дко я, мой друг, мечта'ю!
"
"12","C_125__12","Чудесный жребий песнопенья","Чудесный жребий песнопенья
Младую жизнь его венчал,
И долней жизни огорченья
Небесным светом прояснял
Любил он чары вдохновенья,
Его лелеял чудный сон,
И светлые его виденья
Невинны были - как и он.
Объять невольною тоскою
Под сенью кипарисных древ,
Как часто там ночной порою
Он слушал соловья напев.
Там он мечтал, как вдохновенный,
И слышен был невнятный стон...,
Его мечты не стоит он,
Сей свет, развратом упоенный.
Ах, рано времени рука
В нем прояснила ум игривый;
С тех пор невольная тоска
Терзала дух самолюбивый
И он угас в своей весне!...
Его сманил незримый гений
Толпой приветливых видений
К своей надзвездной вышине.
На землю брошенный судьбою
Он музе жизнь свою дарил,
И непритворною мечтою
Венец бессмертия купил.

У рощи, где его гробница
Я видел, утренней порой
Поет пернатая певица
И плачет друг его младой.","чудесный жребий песнопение
младой жизнь его венчать,
и долный жизнь огорчение
небесный свет прояснять
любить он чары вдохновение,
он лелеять чудный сон,
и светлый его видение
невинный быть - как и он.
объять невольный тоска
под сень кипарисный древо,
как часто там ночной пора
он слушать соловей напев.
там он мечтать, как вдохновенный,
и слышный быть невнятный стон...,
его мечта не стоять он,
сей свет, разврат упоить.
ах, рано время рука
в он прояснивать ум игривый;
с тот пора невольный тоска
терзать дух самолюбивый
и он угасать в свой весна!...
он сманивать незримый гений
толпа приветливый видение
к свой надзвездный вышина.
на земля бросать судьба
он муза жизнь свой дарить,
и непритворный мечта
венец бессмертие купить.

у роща, где его гробница
я видеть, утренний пора
петь пернатый певица
и плакать друг он младой.
","Люблю' того', кто убежа'л
От сла'бостей зави'стливого све'та,
Кто зва'ние свобо'дного поэ'та
На гро'мкие чи'ны не променя'л :
Кто за оби'ды мстил презре'ньем ,
Кто не был де'рзостным льстецо'м
Пе'ред бессмы'сленным глупцо'м —
Пе'ред слепы'м уничиже'ньем.
Люблю' того', кто уступа'л ,
Враго'в нео'пытных злосло'вью,
Кто к дру'гу ве'рному пыла'л
Свято'ю бра'тскою любо'вью !
Люблю' тебя', това'рищ молодо'й ,
Люби'мец Бо'га песнопе'нья;
Я зна'ю тот, не лю'бит принужде'нья
Кто с пы'лкою рождён душо'й ;
И сча'стлив ты в сем гро'зном ми'ре ;
Тебя' не тро'нет злой поро'к
Ты бу'дет оглаша'ть свой скро'мный уголо'к
Свобо'дной пе'снию на ли'ре.
"
"13","C_125__13","Как сладко в поздние часы","Как сладко в поздние часы
Бродить в местах уединенья,
И созерцать твои красы ,
Природа, матерь вдохновенья!
Внимать напевам соловья,
Под, кровом ночи, молчаливой
И , улетая в мир, счастливой ,
Заснуть у тихого ручья!","как сладкий в поздний час
бродить в место уединение,
и созерцать твой краса ,
природа, мать вдохновение!
внимать напев соловей,
под, кров ночь, молчаливый
и , улетать в мир, счастливый ,
заснуть у тихий ручей!
","Чуде'сный жре'бий песнопе'нья
Младу'ю жизнь его' венча'л,
И долне'й жи'зни огорче'нья
Небе'сным све'том проясня'л
Люби'л он ча'ры вдохнове'нья,
Его' леле'ял чу'дный сон,
И све'тлые его' ви'денья
Неви'нны бы'ли - как и он.
Объя'ть нево'льною тоско'ю
Под се'нью кипари'сных древ,
Как ча'сто там ночно'й поро'ю
Он слу'шал соловья' напе'в.
Там он мечта'л, как вдохнове'нный,
И слы'шен был невня'тный стон...,
Его' мечты' не сто'ит он,
Сей свет, развра'том упое'нный.
Ах, ра'но вре'мени рука'
В нем проясни'ла ум игри'вый;
С тех пор нево'льная тоска'
Терза'ла дух самолюби'вый
И он уга'с в свое'й весне'!...
Его' смани'л незри'мый ге'ний
Толпо'й приве'тливых виде'ний
К свое'й надзвёздной вышине'.
На зе'млю бро'шенный судьбо'ю
Он му'зе жизнь свою' дари'л,
И непритво'рною мечто'ю
Вене'ц бессме'ртия купи'л.

У ро'щи, где его' гробни'ца
Я ви'дел, у'тренней поро'й
Поёт перна'тая певи'ца
И пла'чет друг его' младо'й.
"
"14","C_125__14","Быстро время исчезает","Быстро время исчезает
Счастье смертными играет,
Юных лет пройдет пора;
С красотой весны, приветной
Нам изменит неприметно
И страстей младых игра, —
Не надолго, друг бесценный
Счастья жребий сокровенный
Нас лелеет в цвете лет.
Ах, давно ль ты был корнет,
Ах, давно ли ус кудрявый.
Ты беспечно расправлял,
Для красавиц был забавой
И забав от них искал.
Ропот сердца не тревожил
Твой гусарский век златой;
Но ты век гусарский прожил
И сдружился с сединой.
Рано ты оставил радость
Верных рыцарей побед,
Пролетела птичка младость
А любви и следа нет,
Купидон вспорхнул крылатый,
Что ж в замену сей утраты
Нам сулит коварный свет ?
Чашу горестей и бед.","быстро время исчезать
счастие смертный играть,
юный год пройти пора;
с красота весна, приветный
мы изменять неприметно
и страсть младой игра, —
не надолго, друг бесценный
счастие жребий сокровенный
мы лелеять в цвет год.
ах, давно ль ты быть корнет,
ах, давно ли ус кудрявый.
ты беспечно расправлять,
для красавица быть забава
и забава от они искать.
ропот сердце не тревожить
твой гусарский век златой;
но ты век гусарский проживать
и сдружаться с седина.
рано ты оставлять радость
верный рыцарь победа,
пролететь птичка младость
а любовь и след нет,
купидон вспархивать крылатый,
что ж в замена сей утрата
мы сулить коварный свет ?
чаша горесть и беда.
","Как сла'дко в по'здние часы'
Броди'ть в места'х уедине'нья,
И созерца'ть твои' красы' ,
Приро'да, ма'терь вдохнове'нья!
Внима'ть напе'вам соловья',
Под, кро'вом но'чи, молчали'вой
И , улета'я в мир, счастли'вой ,
Засну'ть у ти'хого ручья'!
"
"15","C_125__15","Клит никому не подражает,","Клит никому не подражает,
Клит чародей, он знает все,
Лишь одного наш Клнт не знает,
Что он — не знает ничего.","клит никто не подражать,
клит чародей, он знать весь,
лишь один наш Клнт не знать,
что он — не знать ничто.
","Бы'стро вре'мя исчеза'ет
Сча'стье сме'ртными игра'ет,
Ю'ных лет пройдёт пора';
С красото'й весны', приве'тной
Нам изме'нит неприме'тно
И страсте'й млады'х игра', —
Не надо'лго, друг бесце'нный
Сча'стья жре'бий сокрове'нный
Нас леле'ет в цве'те лет.
Ах, давно' ль ты был корне'т,
Ах, давно' ли ус кудря'вый.
Ты беспе'чно расправля'л,
Для краса'виц был заба'вой
И заба'в от них иска'л.
Ро'пот се'рдца не трево'жил
Твой гуса'рский век злато'й;
Но ты век гуса'рский про'жил
И сдружи'лся с седино'й.
Ра'но ты оста'вил ра'дость
Ве'рных ры'царей побе'д,
Пролете'ла пти'чка мла'дость
А любви' и сле'да нет,
Купидо'н вспорхну'л крыла'тый,
Что ж в заме'ну сей утра'ты
Нам сули'т кова'рный свет ?
Ча'шу го'рестей и бед.
"
"16","C_125__16","Налег туман уж над водою","Налег туман уж над водою
Далеко тянется в степи ;
И волны шепчутся с скалою,
И воет серый волк в глуши.
Ни звездочка не заблестит,
На небе тучами одетом;
Ни огнь блудящий не горит
Обманчивым и тусклым светом.

Здесь близ кургана, где дорога, 
Остановились чумаки....
Они бедны, судьба к ним строга, 
Смиренной нищеты сыны....
Они спят на земле сырой
Забав и роскоши не знают;
Но под час празднею порой
В корчме сивуху попивают.

Кизяк собравши, раскладают
Огонь , под кашею своей ,
И ложкой длинною мешают
И ужинают все толпой.
Чуть свет; уж едут снова в путь
Идет с них всякой за возами,
И песни звучные поют
Малороссийскими словами.

Ты думаешь они несчастны,
Что жалок бедный их удел ,
Что дни их мрачны и ненастны,
Что в них всяк счастья не узрел.
Не правда — он всегда покоен —
Он любит нищету свою,
Чумак всем весел, всем доволен,
И не клянет свою судьбу.

Так знай, не все то злато в мире,
Что только суетно блестит,
Как часто Царь в златой порфире
Украдкой плачет и грустит.
Любовь и дружество скорей
Живут в землянках с бедняками,
Чем у надменных богачей
В палатах шумных за пирами.

Над богачом и по кончине
Хотят тщеславием блистать,
Над бедняком в сырой могиле
Не будут мрамора вздвигать.
И все под тяжкою землей,
Лежать мы будем вечно в гробе,
Кропимы дружества слезой,
Пожив — отдали долг природе.","налегать туман уж над вода
далеко тянуться в степь ;
и волна шептаться с скала,
и выть серый волк в глушь.
ни звездочка не заблестеть,
на небо туча одетый;
ни огонь блудить не гореть
обманчивый и тусклый свет.

здесь близ курган, где дорога, 
останавливаться чумак....
они бедный, судьба к он строгий, 
смиренный нищета сын....
они спать на земля сырой
забава и роскошь не знать;
но под час праздний пора
в корчма сивуха попивать.

кизяк собирать, раскладать
огонь , под каша свой ,
и ложка длинный мешать
и ужинать все толпа.
чуть свет; уж ехать снова в путь
идти с они всякий за воз,
и песня звучный петь
малороссийский слово.

ты думать они несчастный,
что жалкий бедный они удел ,
что день их мрачный и ненастный,
что в они всякий счастие не узреть.
не правда — он всегда покойный —
он любить нищета свой,
чумак все веселый, все довольный,
и не клясть свой судьба.

так знать, не весь то злато в мир,
что только суетно блестеть,
как часто царь в златой порфира
украдкой плакать и грустить.
любовь и дружество скоро
жить в землянка с бедняк,
чем у надменный богач
в палата шумный за пир.

над богач и по кончина
хотеть тщеславие блистать,
над бедняк в сырой могила
не быть мрамор вздвигать.
и все под тяжкий земля,
лежать мы быть вечно в гроб,
кропить дружество слеза,
пожить — отдавать долг природа.
","Клит никому' не подража'ет,
Клит чароде'й, он зна'ет все,
Лишь одного' наш Клнт не зна'ет,
Что он — не зна'ет ничего'.
"
"17","C_125__17","Нет! обольстительных сетей","Нет! обольстительных сетей
Не расставляй ты для поэта,
Не жди на взор твой в век, ответа
Души возвышенной мрей !
В ней пламенеет искра Бога,
А не пожар любви земной,
И знай , что мне в любви святой
Открыта не тобой дорога!
Но если из моих очей
Слеза на грудь твою скатилась,
То верь, она уж возвратилась
Во глубппу души моей.
Так летним вечером роса
С небес на землю ниспадает;
Но при деннице в небеса
Вновь невидимо улетает.","нет! обольстительный сеть
не расставлять ты для поэт,
не ждать на взор твой в век, ответ
душа возвышенный мреть !
в она пламенеть искра бог,
а не пожар любовь земной,
и знать , что я в любовь святой
открывать не ты дорога!
но если из мой око
слеза на грудь твой скатиться,
то верить, она уж возвращаться
во глубппа душа мой.
так летний вечер роса
с небо на земля ниспадать;
но при денница в небо
вновь невидимый улетать.
","Налёг тума'н уж над водо'ю
Далеко' тя'нется в сте'пи ;
И во'лны ше'пчутся с скало'ю,
И во'ет се'рый волк в глуши'.
Ни звёздочка не заблести'т,
На не'бе ту'чами оде'том;
Ни огнь блудя'щий не гори'т
Обма'нчивым и ту'склым све'том.

Здесь близ курга'на, где доро'га,
Останови'лись чумаки'....
Они' бедны', судьба' к ним строга',
Смире'""нной нищеты' сыны'....
Они' спят на земле' сыро'й
Заба'в и ро'скоши не зна'ют;
Но под час пра'зднею поро'й
В корчме' сиву'ху попива'ют.

Кизя'к собра'вши, расклада'ют
Ого'нь , под ка'шею свое'й ,
И ло'жкой дли'нною меша'ют
И у'жинают все толпо'й.
Чуть свет; уж е'дут сно'ва в путь
Идёт с них вся'кой за воза'ми,
И пе'сни зву'чные пою'т
Малоросси'йскими слова'ми.

Ты ду'маешь они' несча'стны,
Что жа'лок бе'дный их уде'л ,
Что дни их мра'чны и нена'стны,
Что в них всяк сча'стья не узре'л.
Не пра'вда — он всегда' поко'ен —
Он лю'бит нищету' свою',
Чума'к всем ве'сел, всем дово'лен,
И не клянёт свою' судьбу'.

Так знай, не все то зла'то в ми'ре,
Что то'лько су'етно блести'т,
Как ча'сто Царь в злато'й порфи'ре
Укра'дкой пла'чет и грусти'т.
Любо'вь и дру'жество скоре'й
Живу'т в земля'нках с бедняка'ми,
Чем у надме'нных богаче'й
В пала'тах шу'мных за пира'ми.

Над богачо'м и по кончи'не
Хотя'т тщесла'вием блиста'ть,
Над бедняко'м в сыро'й моги'ле
Не бу'дут мра'мора вздвига'ть.
И все под тя'жкою землёй,
Лежа'ть мы бу'дем ве'чно в гро'бе,
Кропи'мы дру'жества слезо'й,
Пожи'в — отда'ли долг приро'де.
"
"18","C_125__18","Забуду ль я, твой мрачный вид,","Забуду ль я, твой мрачный вид,
Пустыня дикая, жилище вдохновенья
Где все величественно спит
Под тяжкою печатию забвенья ?
В глуши задумчивой твоей
Все меланхолика пленяет ,
Его богиня там живет
И думой грустною своей
Невольно сердце наполняет,
И к размышлению влечет.
Там я любил беседовать с тоскою
И вспоминать протекшие века,
Там думал я: так, времени рука,
Своею силою, своею быстротою,
Все в прах ничтожный превратит;
И там, где славы трон надменной
Теперь в величии стоит ,
Быть может там, потом наш узрит
Жилище дикости смиренной ;
Где радостно теперь гремит
Среди пиров, веселья ликованье ,
Быть может скоро там, угрюмое молчанье,
Могилу радостей печально осенит!
Так думал я — и тайная богиня
Моих надежд и дум, являлась предо иной :
С тех пор я полюбил душой
Тебя безмолвная пустыня.","забывать ль я, твой мрачный вид,
пустыня дикий, жилище вдохновение
где все величественно спать
под тяжкий печатие забвение ?
в глушь задумчивый твой
весь меланхолик пленять ,
он богиня там жить
и дума грустный свой
невольно сердце наполнять,
и к размышление влечь.
там я любить беседовать с тоска
и вспоминать протекший век,
там думать я: так, время рука,
свой сила, свой быстрота,
все в прах ничтожный превращать;
и там, где слава трон надменный
теперь в величие стоять ,
быть мочь там, потом наш узреть
жилище дикость смиренный ;
где радостно теперь греметь
среди пир, веселие ликование ,
быть мочь скоро там, угрюмый молчание,
могила радость печально осенять!
так думать я — и тайный богиня
мой надежда и дума, являться предо иной :
с тот пора я полюбить душа
ты безмолвный пустыня.
","Нет! обольсти'тельных сете'й
Не расставля'й ты для поэ'та,
Не жди на взор твой в век, отве'та
Ду'ши возвы'шенной мрей !
В ней пламене'ет и'скра Бо'га,
А не пожа'р любви' земно'й,
И знай , что мне в любви' свято'й
Откры'та не тобо'й доро'га!
Но е'сли из мои'х оче'й
Слеза' на грудь твою' скати'лась,
То верь, она' уж возврати'лась
Во глу'бппу ду'ши мое'й.
Так ле'тним ве'чером роса'
С небе'с на зе'млю ниспада'ет;
Но при денни'це в небеса'
Вновь неви'димо улета'ет.
"
"19","C_125__19","Приезжай на пир веселый","Приезжай на пир веселый
Вакха сын и друг Харит!
Приезжай.... покал тяжелый
Для тебя давно налит
На столе смеясь стоит.
То - то будет нам раздолье,
У меня всего в приволье
Под рукою добрых Лар.
А под сению природы
Все пленяет слух и взор;
Игры, песни, хороводы
И музыки громкий хор.
Здесь не будешь изгибаться
Пред надотостью людской,
Я могу тебе признаться
Простота — сопутпик мой !
Что нам чваниться чинами,
Нет различья между нами,
Кто полней нальет бокал
Тот и князь и генерал.
Нет меж нас льстецов докучных
С роем граций неразлучных,
Нет здесь тощих волокит,
Сплетниц ветренных и скучных,
Нет судей пузатых , тучных ,
И воркуций — злых эгид.
Удалясь от ига света:
От жеманства, этикета
Мы в саду под шалашем
Славно время проведем.
Приезжай же брат дружище
По душе лихой гусар ,
Посмотри мое жилище
Коль питаешь дружбы жар.
Приезжай.... тогда узнаешь
Цену жизни городской,
И наверно променяешь
На деревню город свой.","приезжать на пир веселый
вакх сын и друг харит!
приезжать.... покал тяжелый
для ты давно наливать
на стол смеяться стоять.
то - то быть мы раздолье,
у я всего в приволье
под рука добрый лара.
а под сения природа
все пленять слух и взор;
игра, песня, хоровод
и музыка громкий хор.
здесь не быть изгибаться
пред надотость людской,
я мочь ты признаваться
простота — сопутпик мой !
что мы чваниться чин,
нет различие между мы,
кто полно наливать бокал
тот и князь и генерал.
нет меж мы льстец докучный
с рой грация неразлучный,
нет здесь тощий волокита,
сплетница ветренный и скучный,
нет судья пузатый , тучный ,
и воркуция — злой эгида.
удалиться от иго свет:
от жеманство, этикет
мы в сад под шалаш
славно время проводить.
приезжать же брат дружище
по душа лихой гусар ,
посмотреть мой жилище
коль питать дружба жар.
приезжать.... тогда узнавать
цена жизнь городской,
и наверно променивать
на деревня город свой.
","Забу'ду ль я, твой мра'чный вид,
Пусты'ня ди'кая, жили'ще вдохнове'нья
Где все вели'чественно спит
Под тя'жкою печа'тию забве'нья ?
В глуши' заду'мчивой твое'й
Все меланхо'лика пленя'ет ,
Его' боги'ня там живёт
И ду'мой гру'стною свое'й
Нево'льно се'рдце наполня'ет,
И к размышле'нию влечёт.
Там я люби'л бесе'довать с тоско'ю
И вспомина'ть протёкшие века',
Там ду'мал я: так, вре'мени рука',
Свое'ю си'лою, свое'ю быстрото'ю,
Все в прах ничто'жный преврати'т;
И там, где сла'вы трон надме'нной
Тепе'рь в вели'чии стои'т ,
Быть мо'жет там, пото'м наш узри'т
Жили'ще ди'кости смире'""нной ;
Где ра'достно тепе'рь греми'т
Среди' пиро'в, весе'лья ликова'нье ,
Быть мо'жет ско'ро там, угрю'мое молча'нье,
Моги'лу ра'достей печа'льно осени'т!
Так ду'мал я — и та'йная боги'ня
Мои'х наде'жд и дум, явля'лась пре'до ино'й :
С тех пор я полюби'л душо'й
Тебя' безмо'лвная пусты'ня.
"
"20","C_125__20","Звезда! как светло блещешь ты,","Звезда! как светло блещешь ты,
Каким величием сияешь,
На душу мрачные мечты
И тайный трепет насылаешь.

Я на тебя, звезда, гляжу
Порой с неясною тоскою,
И очарованный мечтою
В душе все прежнее бужу.

И мне приветен образ твой.
Как для страдальца упованье.
Свети звезда, твое сиянье —
Врачует дух печальный мой.","звезда! как светло блистать ты,
какой величие сиять,
на душа мрачный мечта
и тайный трепет насылать.

я на ты, звезда, глядеть
пора с неясный тоска,
и очарованный мечта
в душа весь прежний будить.

и я приветный образ твой.
как для страдалец упование.
светить звезда, твой сияние —
врачевать дух печальный мой.
","Приезжа'й на пир весёлый
Ва'кха сын и друг Хари'т!
Приезжа'й.... пока'л тяжёлый
Для тебя' давно' на'лит
На столе' смея'сь сто'ит.
То - то бу'дет нам раздо'лье,
У меня' всего' в приво'лье
Под руко'ю до'брых Лар.
А под се'нию приро'ды
Все пленя'ет слух и взор;
Игры', пе'сни, хорово'ды
И му'зыки гро'мкий хор.
Здесь не бу'дешь изгиба'ться
Пред на'дотостью людско'й,
Я могу' тебе' призна'ться
Простота' — сопу'тпик мой !
Что нам чва'ниться чи'нами,
Нет разли'чья ме'жду на'ми,
Кто полне'й нальёт бока'л
Тот и князь и генера'л.
Нет меж нас льстецо'в доку'чных
С ро'ем гра'ций неразлу'чных,
Нет здесь то'щих волоки'т,
Спле'тниц ве'тренных и ску'чных,
Нет суде'й пуза'тых , ту'чных ,
И ворку'ций — злых эги'д.
Удаля'сь от и'га све'та:
От жема'нства, этике'та
Мы в саду' под шала'шем
Сла'вно вре'мя проведём.
Приезжа'й же брат дружи'ще
По душе' лихо'й гуса'р ,
Посмотри' моё жили'ще
Коль пита'ешь дру'жбы жар.
Приезжа'й.... тогда' узна'ешь
Це'ну жи'зни городско'й,
И наве'рно променя'ешь
На дере'вню го'род свой.
"
"21","C_125__21","Слеза, горючая слеза!","Слеза, горючая слеза!
Поток души, очей краса!
Не ты ль смягчаешь гнев Фортуны,
Миришь несчастного с судьбой,
Не ты ль кропишь живые струны
Чудесной арфы неземной.
Когда твой ток по ней польется
Душа во звуках отзовется;
По струнам пламя пробежит;
И песнь сладчайшая свободы
Как слово вечное природы
Мир громом славы оглушит.","слеза, горючий слеза!
поток душа, око краса!
не ты ль смягчать гнев фортуна,
мирить несчастный с судьба,
не ты ль кропить живой струна
чудесный арфа неземной.
когда твой ток по она поливаться
душа во звук отзываться;
по струна пламень пробежать;
и песнь сладкий свобода
как слово вечный природа
мир гром слава оглушать.
","Звезда'! как светло' бле'щешь ты,
Каки'м вели'чием сия'ешь,
На ду'шу мра'чные мечты'
И та'йный тре'пет насыла'ешь.

Я на тебя', звезда', гляжу'
Поро'й с нея'сною тоско'ю,
И очаро'ванный мечто'ю
В душе' все пре'жнее бужу'.

И мне приве'тен о'браз твой.
Как для страда'льца упова'нье.
Свети' звезда', твоё сия'нье —
Врачу'ет дух печа'льный мой.
"
"22","C_125__22","Вы мне сказали не шутя,","Вы мне сказали не шутя,
Что я так молод, как дитя,
И с вами я на то согласен;
Сердечный путь мой безопасен:
Я все обделаю шутя.","вы я сказать не шутить,
что я так молодой, как дитя,
и с вы я на то согласный;
сердечный путь мой безопасный:
я все обделывать шутя.
","Слеза', горю'чая слеза'!
Пото'к ду'ши, оче'й краса'!
Не ты ль смягча'ешь гнев Форту'ны,
Мири'шь несча'стного с судьбо'й,
Не ты ль кропи'шь живы'е струны'
Чуде'сной а'рфы неземно'й.
Когда' твой ток по ней польётся
Душа' во зву'ках отзовётся;
По стру'нам пла'мя пробежи'т;
И песнь сладча'йшая свобо'ды
Как сло'во ве'чное приро'ды
Мир гро'мом сла'вы оглуши'т.
"
"23","C_125__23","Прошли надежды — лучших лет,","Прошли надежды — лучших лет,
Прошли лета очарованья,
И я, товарищ ! в шумный свет,
Смотрю без всякого вниманья;
Я часто там — с моей мечтой
Бродил без цели, утешенья,
Там все кипело суетой,
И жизнь мелькала, как виденье.
Там юность шумною толпой
В безумной неге жизнь проводит;
Но время — тучей за собой,
Чредой и молодость уводит.
Там старость скучная — в мечтах
Прошедши годы вспоминает,
Сидит за картами в руках
И пылку юность проклинает;
Там зависть царствует одна ,
И бродит с злобным наслажденьем:
Всегда забот она полна
И ядовитым упоеньем,

Но здесь, на Севере , мой друг,
В Финляндии — в стране забытой ,
Я позабыл и теплый Юг
И чумный край ваш ядовитой!
Я в лоне мира, в тишине,
Забыл о вашей стороне;
Но иногда , поверь ты мне ,
Слеза невольная катится ,
И вздох посвященный тебе,
К тебе с мечтой моею мчится.
Где ты товарищ ? Милый мой,
В какой стране ты жизнь проводишь!
Нашел ли сладостный покой
Или страдальцем грустным бродишь?
Пиши ко мне, пиши в ответ,
Я жду его, как вдохновенья,
На родине — не зная бед,
Прочту я дружбы утешенье.","проходить надежда — хороший год,
проходить лето очарование,
и я, товарищ ! в шумный свет,
смотреть без всякий внимание;
я часто там — с мой мечта
бродить без цель, утешение,
там все кипеть суета,
и жизнь мелькать, как видение.
там юность шумный толпа
в безумный нега жизнь проводить;
но время — туча за себя,
чреда и молодость уводить.
там старость скучный — в мечта
проходить год вспоминать,
сидеть за карта в рука
и пылка юность проклинать;
там зависть царствовать один ,
и бродить с злобный наслаждение:
всегда забота она полный
и ядовитый упоение,

но здесь, на север , мой друг,
в финляндия — в страна забывать ,
я позабывать и теплый юг
и чумный край ваш ядовитый!
я в лоно мир, в тишина,
забывать о ваш сторона;
но иногда , поверять ты я ,
слеза невольный катиться ,
и вздох посвящать ты,
к ты с мечта мой мчаться.
где ты товарищ ? милый мой,
в какой страна ты жизнь проводить!
находить ли сладостный покой
или страдалец грустный бродить?
писать ко я, писать в ответ,
я ждать он, как вдохновение,
на родина — не знать беда,
прочитывать я дружба утешение.
","Вы мне сказа'ли не шутя',
Что я так мо'лод, как дитя',
И с ва'ми я на то согла'сен;
Серде'чный путь мой безопа'сен:
Я все обде'лаю шутя'.
"
"24","C_125__24","Как счастье к нам придет,","Как счастье к нам придет,
Нельзя и нам до счастия добиться
Догадка тем сия решится:
Слепой слепого не найдет.","как счастие к мы прийти,
нельзя и мы до счастие добиваться
догадка тем сей решаться:
слепой слепой не находить.
","Прошли' наде'жды — лу'чших лет,
Прошли' ле'та очарова'нья,
И я, това'рищ ! в шу'мный свет,
Смотрю' без вся'кого внима'нья;
Я ча'сто там — с мое'й мечто'й
Броди'л без це'ли, утеше'нья,
Там все кипе'ло суето'й,
И жизнь мелька'ла, как ви'денье.
Там ю'ность шу'мною толпо'й
В безу'мной не'ге жизнь прово'дит;
Но вре'мя — ту'чей за собо'й,
Чредо'й и мо'лодость уво'дит.
Там ста'рость ску'чная — в мечта'х
Проше'дши го'ды вспомина'ет,
Сиди'т за ка'ртами в рука'х
И пы'лку ю'ность проклина'ет;
Там за'висть ца'рствует одна' ,
И бро'дит с зло'бным наслажде'ньем:
Всегда' забо'т она' полна'
И ядови'тым упое'ньем,

Но здесь, на Се'вере , мой друг,
В Финля'ндии — в стране' забы'той ,
Я позабы'л и тёплый Юг
И чу'мный край ваш ядови'той!
Я в ло'не ми'ра, в тишине',
Забы'л о ва'шей стороне';
Но иногда' , пове'рь ты мне ,
Слеза' нево'льная ка'тится ,
И вздох посвящённый тебе',
К тебе' с мечто'й мое'ю мчи'тся.
Где ты това'рищ ? Ми'лый мой,
В како'й стране' ты жизнь прово'дишь!
Нашёл ли сла'достный поко'й
И'ли страда'льцем гру'стным бро'дишь?
Пиши' ко мне, пиши' в отве'т,
Я жду его', как вдохнове'нья,
На ро'дине — не зна'я бед,
Прочту' я дру'жбы утеше'нье.
"
"25","C_125__25","Угрюмый баловень безделья,","Угрюмый баловень безделья,
Питомец ветренных Цирцей;
Поклонник буйного веселья
И обольстительных страстей :
Неси дары свои Беллоне,
Рубись, коли и побеждай,
Но не забудь об Апполоне
И звонкой лиры не бросай.","угрюмый баловень безделье,
питомец ветренный цирцея;
поклонник буйный веселие
и обольстительный страсть :
нести дар свой беллон,
рубиться, коли и побеждать,
но не забывать об апполон
и звонкий лира не бросать.
","Как сча'стье к нам придёт,
Нельзя' и нам до сча'стия доби'ться
Дога'дка тем сия' реши'тся:
Слепо'й слепо'го не найдёт.
"
"26","C_125__26","Товарищ - друг ! со дня рожденья","Товарищ - друг ! со дня рожденья
Я в мире счастья не знавал,
Никто словами утешенья
Меня страдальца не ласкал.

Никто забытого судьбою
Под кров приютный не принял;
Бродил я в мире сиротою
И слово: счастье не знавал.

Толпа презренная смеялась
Над жалкой участью моей,
Одна надежда мне осталась
Лить слезы горьки из очей.

Хоть ты, товарищ, будь отрадой
Страдальца брата твоего:
За дело доброе — в награду
Пошлет Господь — всего, всего!","товарищ - друг ! со день рождение
я в мир счастие не знавать,
никто слово утешение
я страдалец не ласкать.

никто забывать судьба
под кров приютный не принимать;
бродить я в мир сирота
и слово: счастие не знавать.

толпа презренный смеяться
над жалкий участь мой,
один надежда я оставаться
лить слеза горький из око.

хоть ты, товарищ, быть отрада
страдалец брат твой:
за дело добрый — в награда
посылать господь — весь, все!
","Угрю'мый ба'ловень безде'лья,
Пито'мец ве'тренных Цирце'й;
Покло'нник бу'йного весе'лья
И обольсти'тельных страсте'й :
Неси' дары' свои' Белло'не,
Руби'сь, ко'ли и побежда'й,
Но не забу'дь об Апполо'не
И зво'нкой ли'ры не броса'й.
"
"27","C_125__27","Нет не в силах боле я","Нет не в силах боле я
Быть безмолвным истуканом
Страсть в груди моей тая
Жить мечтательным обманом
Через чур уж я стыдлив
В обращеньи дружном с вами
И не кстати молчалив,
Согласитесь в этом сами.
Вы вчерашний день со мной
Обращались слишком нежно,
Что же , я чудак какой
вашей ручки белоснежной
К сердцу страстно не прижал
И в томительности сладкой,
Хоть бы раз один украдкой
В щечку вас поцеловал,
Лишь в бесплодной страсти млея
Я стоял потупя взор,
И от скромности краснея
Посторонний бредил вздор.
Нет в другой раз я не буду
Скромен в пламени страстей,
Вы удивитеся чуду
Купидоповых затей.","нет не в сила боле я
быть безмолвный истукан
страсть в грудь мой таить
жить мечтательный обман
через чур уж я стыдливый
в обращение дружный с вы
и не кстати молчаливый,
соглашаться в это сам.
вы вчерашний день со я
обращаться слишком нежно,
что же , я чудак какой
ваш ручка белоснежный
к сердце страстно не прижимать
и в томительность сладкий,
хоть бы раз один украдкой
в щечка вы поцеловать,
лишь в бесплодный страсть млеть
я стоять потупя взор,
и от скромность краснеть
посторонний бредить вздор.
нет в другой раз я не быть
скромный в пламень страсть,
вы удивитести чудо
купидоповый затея.
","Това'рищ - друг ! со дня рожде'нья
Я в ми'ре сча'стья не знава'л,
Никто' слова'ми у'тешенья
Меня' страда'льца не ласка'л.

Никто' забы'того судьбо'ю
Под кров прию'тный не при'нял;
Броди'л я в ми'ре сирото'ю
И сло'во: сча'стье не знава'л.

Толпа' презре'нная смея'лась
Над жа'лкой у'частью мое'й,
Одна' наде'жда мне оста'лась
Лить сле'зы го'рьки из оче'й.

Хоть ты, това'рищ, будь отра'дой
Страда'льца бра'та твоего':
За де'ло до'брое — в награ'ду
Пошлёт Госпо'дь — всего', всего'!
"
