doc_id	true_lbl
C_101__1	
C_101__10	
C_101__11	
C_101__12	
C_101__13	
C_101__14	
C_101__15	
C_101__16	
C_101__17	Trochee_4
C_101__18	
C_101__19	
C_101__2	
C_101__20	
C_101__21	
C_101__22	
C_101__23	
C_101__24	
C_101__25	
C_101__26	
C_101__27	
C_101__28	
C_101__29	
C_101__3	
C_101__30	
C_101__31	
C_101__32	
C_101__33	
C_101__34	
C_101__35	
C_101__36	
C_101__37	
C_101__38	Iamb_v
C_101__39	
C_101__4	
C_101__40	
C_101__41	Iamb_v
C_101__42	
C_101__43	
C_101__44	
C_101__45	
C_101__46	
C_101__47	Iamb_6644
C_101__5	
C_101__6	
C_101__7	
C_101__8	
C_101__9	
C_1027__1	
C_1027__2	
C_1027__3	
C_1027__4	
C_1027__5	
C_107__1	
C_107__10	
C_107__11	
C_107__12	
C_107__13	
C_107__14	
C_107__15	
C_107__16	Iamb_4
C_107__17	
C_107__2	
C_107__3	
C_107__4	
C_107__5	
C_107__6	
C_107__7	
C_107__8	
C_107__9	Iamb_4
C_111__1	
C_111__10	
C_111__100	
C_111__101	
C_111__102	
C_111__103	
C_111__104	
C_111__105	
C_111__106	polymetric
C_111__11	Amphibrach_43
C_111__12	
C_111__13	
C_111__14	
C_111__15	
C_111__16	
C_111__17	
C_111__18	Amphibrach_43
C_111__19	
C_111__2	
C_111__20	
C_111__21	
C_111__22	
C_111__23	
C_111__24	
C_111__25	
C_111__26	
C_111__27	
C_111__28	Iamb_v
C_111__29	Amphibrach_43
C_111__3	Amphibrach_43
C_111__30	
C_111__31	
C_111__32	Iamb_43
C_111__33	
C_111__34	
C_111__35	Iamb_43
C_111__36	
C_111__37	Iamb_4
C_111__38	Iamb_43
C_111__39	
C_111__4	
C_111__40	
C_111__41	
C_111__42	
C_111__43	
C_111__44	
C_111__45	
C_111__46	Iamb_6
C_111__47	
C_111__48	
C_111__49	
C_111__5	
C_111__50	Iamb_v
C_111__51	
C_111__52	
C_111__53	Iamb_v
C_111__54	
C_111__55	
C_111__56	
C_111__57	
C_111__58	Dactyl_43
C_111__59	Amphibrach_4
C_111__6	
C_111__60	
C_111__61	Iamb_5
C_111__62	
C_111__63	
C_111__64	
C_111__65	Amphibrach_43
C_111__66	Iamb_v
C_111__67	
C_111__68	
C_111__69	
C_111__7	
C_111__70	
C_111__71	Iamb_v
C_111__72	Amphibrach_43
C_111__73	
C_111__74	
C_111__75	
C_111__76	
C_111__77	
C_111__78	Iamb_5554
C_111__79	
C_111__8	
C_111__80	
C_111__81	
C_111__82	
C_111__83	Trochee_43
C_111__84	
C_111__85	
C_111__86	
C_111__87	Amphibrach_43
C_111__88	
C_111__89	
C_111__9	
C_111__90	Iamb_63
C_111__91	
C_111__92	
C_111__93	
C_111__94	
C_111__95	
C_111__96	
C_111__97	
C_111__98	
C_111__99	
C_112__1	
C_112__10	
C_112__11	
C_112__12	Trochee_v
C_112__13	
C_112__14	
C_112__15	
C_112__16	
C_112__2	Iamb_v
C_112__3	
C_112__4	
C_112__5	Iamb_other
C_112__6	
C_112__7	
C_112__8	
C_112__9	
C_113__1	Iamb_v
C_113__10	Iamb_v
C_113__11	
C_113__12	Iamb_v
C_113__13	
C_113__14	Iamb_v
C_113__15	Iamb_v
C_113__16	
C_113__17	Iamb_v
C_113__18	
C_113__19	
C_113__2	
C_113__20	
C_113__21	
C_113__22	
C_113__23	
C_113__24	
C_113__25	Iamb_v
C_113__26	
C_113__27	
C_113__28	
C_113__29	
C_113__3	
C_113__30	Iamb_v
C_113__31	Iamb_v
C_113__32	
C_113__33	
C_113__34	
C_113__35	
C_113__36	
C_113__37	
C_113__38	
C_113__39	
C_113__4	
C_113__5	
C_113__6	
C_113__7	
C_113__8	
C_113__9	
C_114__1	Iamb_v
C_114__10	Iamb_v
C_114__11	Iamb_v
C_114__12	Iamb_v
C_114__13	Iamb_v
C_114__14	Iamb_v
C_114__15	Iamb_v
C_114__16	Iamb_v
C_114__17	Iamb_6
C_114__18	Iamb_v
C_114__19	
C_114__2	Iamb_v
C_114__20	Iamb_v
C_114__21	Iamb_v
C_114__22	Iamb_v
C_114__23	Iamb_v
C_114__24	Iamb_v
C_114__25	Iamb_v
C_114__26	Iamb_v
C_114__27	
C_114__28	Iamb_v
C_114__29	Iamb_v
C_114__3	Iamb_v
C_114__30	Iamb_v
C_114__31	Iamb_v
C_114__32	Iamb_v
C_114__33	Iamb_v
C_114__34	Iamb_v
C_114__35	Iamb_v
C_114__36	Iamb_v
C_114__37	Iamb_v
C_114__38	Iamb_v
C_114__39	Iamb_v
C_114__4	Iamb_v
C_114__40	Iamb_v
C_114__41	Iamb_v
C_114__42	Iamb_v
C_114__43	Iamb_v
C_114__44	
C_114__45	
C_114__46	Iamb_v
C_114__47	Iamb_v
C_114__48	
C_114__49	Iamb_v
C_114__5	Iamb_v
C_114__50	
C_114__51	Iamb_v
C_114__52	Iamb_v
C_114__53	Iamb_v
C_114__54	
C_114__55	Iamb_v
C_114__56	Iamb_v
C_114__57	Iamb_v
C_114__58	Iamb_v
C_114__59	Iamb_v
C_114__6	Iamb_v
C_114__60	
C_114__61	Iamb_v
C_114__62	Iamb_v
C_114__7	Iamb_v
C_114__8	Iamb_v
C_114__9	Iamb_v
C_115__1	
C_115__10	
C_115__11	
C_115__12	Iamb_v
C_115__13	Iamb_v
C_115__14	Iamb_53
C_115__15	Iamb_v
C_115__16	
C_115__17	Iamb_v
C_115__18	
C_115__19	Iamb_v
C_115__2	Iamb_43
C_115__20	Iamb_v
C_115__21	Iamb_v
C_115__22	Iamb_v
C_115__23	
C_115__24	Iamb_v
C_115__25	Iamb_v
C_115__26	Iamb_v
C_115__27	Iamb_v
C_115__28	Iamb_v
C_115__29	Iamb_v
C_115__3	Iamb_43
C_115__30	Iamb_v
C_115__31	Iamb_v
C_115__32	Iamb_v
C_115__33	Iamb_v
C_115__34	
C_115__35	
C_115__36	
C_115__37	
C_115__38	Trochee_v
C_115__39	
C_115__4	Iamb_43
C_115__40	Iamb_v
C_115__41	
C_115__42	Iamb_v
C_115__43	Iamb_v
C_115__44	
C_115__45	Iamb_v
C_115__46	Iamb_v
C_115__47	
C_115__48	Iamb_v
C_115__49	
C_115__5	
C_115__50	
C_115__51	Iamb_v
C_115__52	
C_115__53	
C_115__54	
C_115__55	
C_115__56	Other
C_115__57	Iamb_v
C_115__58	Iamb_v
C_115__59	Iamb_v
C_115__6	Other
C_115__60	
C_115__61	Iamb_v
C_115__62	Iamb_v
C_115__63	
C_115__64	Iamb_v
C_115__65	
C_115__66	Iamb_v
C_115__67	Iamb_v
C_115__68	Iamb_v
C_115__69	
C_115__7	Iamb_43
C_115__70	Iamb_v
C_115__8	
C_115__9	Iamb_v
C_117__1	Iamb_v
C_117__10	
C_117__11	
C_117__12	
C_117__13	Iamb_555544
C_117__14	
C_117__15	
C_117__16	
C_117__17	
C_117__18	
C_117__19	
C_117__2	Iamb_v
C_117__20	polymetric
C_117__21	
C_117__3	Iamb_v
C_117__4	
C_117__5	
C_117__6	
C_117__7	
C_117__8	
C_117__9	
C_118__1	
C_118__10	
C_118__2	Iamb_43
C_118__3	Trochee_4
C_118__4	
C_118__5	
C_118__6	Iamb_v
C_118__7	
C_118__8	
C_118__9	
C_121__1	
C_121__2	Iamb_v
C_121__3	
C_121__4	
C_121__5	
C_121__6	
C_121__7	
C_121__8	
C_121__9	
C_122__1	
C_122__10	
C_122__11	
C_122__12	
C_122__13	
C_122__14	
C_122__15	
C_122__16	
C_122__17	
C_122__18	Iamb_43
C_122__19	
C_122__2	
C_122__20	
C_122__21	
C_122__3	
C_122__4	
C_122__5	
C_122__6	
C_122__7	
C_122__8	Iamb_4
C_122__9	
C_124__1	
C_124__10	
C_124__11	
C_124__12	
C_124__13	
C_124__14	
C_124__15	
C_124__16	Iamb_v
C_124__17	Iamb_v
C_124__18	Iamb_4342
C_124__19	
C_124__2	
C_124__20	Iamb_v
C_124__21	
C_124__22	Iamb_v
C_124__23	
C_124__24	
C_124__25	
C_124__26	Iamb_v
C_124__27	
C_124__28	
C_124__29	
C_124__3	
C_124__30	Iamb_54
C_124__31	
C_124__4	Iamb_v
C_124__5	
C_124__6	Iamb_v
C_124__7	
C_124__8	
C_124__9	Iamb_v
C_125__1	
C_125__10	
C_125__11	
C_125__12	
C_125__13	
C_125__14	
C_125__15	Iamb_4
C_125__16	
C_125__17	
C_125__18	Iamb_v
C_125__19	
C_125__2	
C_125__20	
C_125__21	
C_125__22	
C_125__23	
C_125__24	Iamb_v
C_125__25	
C_125__26	
C_125__27	
C_125__3	
C_125__4	
C_125__5	Iamb_v
C_125__6	
C_125__7	
C_125__8	Iamb_v
C_125__9	
C_128__1	Iamb_v
C_128__10	Iamb_v
C_128__11	Iamb_v
C_128__12	Iamb_v
C_128__2	Iamb_v
C_128__3	Iamb_v
C_128__4	Iamb_v
C_128__5	Iamb_v
C_128__6	Iamb_v
C_128__7	Iamb_v
C_128__8	Iamb_v
C_128__9	Iamb_v
C_1292__1	
C_131__1	
C_131__10	
C_131__11	
C_131__12	
C_131__13	
C_131__14	
C_131__15	
C_131__16	
C_131__17	Trochee_4
C_131__18	
C_131__19	
C_131__2	
C_131__20	Iamb_4
C_131__21	
C_131__22	
C_131__23	
C_131__24	Iamb_v
C_131__25	
C_131__3	Iamb_42
C_131__4	
C_131__5	
C_131__6	
C_131__7	
C_131__8	
C_131__9	Amphibrach_43
C_141__1	
C_141__10	
C_141__11	Iamb_v
C_141__12	
C_141__13	
C_141__14	
C_141__15	Iamb_55555566
C_141__16	
C_141__17	
C_141__18	
C_141__19	
C_141__2	
C_141__20	
C_141__21	
C_141__22	
C_141__23	
C_141__24	Trochee_5
C_141__25	Trochee_5
C_141__26	
C_141__27	
C_141__28	
C_141__29	
C_141__3	
C_141__30	
C_141__31	Iamb_v
C_141__32	
C_141__33	
C_141__34	Iamb_5553
C_141__35	Trochee_43
C_141__36	Other
C_141__37	
C_141__38	
C_141__39	Iamb_v
C_141__4	
C_141__40	
C_141__41	
C_141__5	Iamb_v
C_141__6	
C_141__7	
C_141__8	Trochee_44442
C_141__9	Iamb_5553
C_142__1	
C_142__10	
C_142__11	
C_142__12	
C_142__2	
C_142__3	
C_142__4	
C_142__5	
C_142__6	
C_142__7	
C_142__8	
C_142__9	
C_143__1	
C_143__10	
C_143__11	
C_143__12	
C_143__13	
C_143__14	
C_143__15	
C_143__16	
C_143__17	
C_143__18	
C_143__19	
C_143__2	
C_143__20	
C_143__21	
C_143__22	
C_143__23	Trochee_4
C_143__24	
C_143__25	
C_143__26	
C_143__27	
C_143__28	
C_143__29	
C_143__3	
C_143__30	
C_143__31	
C_143__32	
C_143__33	Iamb_4
C_143__34	
C_143__35	
C_143__36	
C_143__37	
C_143__38	
C_143__39	
C_143__4	
C_143__40	
C_143__41	
C_143__42	
C_143__43	Iamb_4
C_143__44	
C_143__45	
C_143__46	
C_143__47	Iamb_4
C_143__48	
C_143__49	
C_143__5	
C_143__50	
C_143__51	
C_143__6	
C_143__7	Iamb_4
C_143__8	
C_143__9	
C_144__1	
C_144__10	
C_144__11	
C_144__12	
C_144__13	
C_144__14	
C_144__15	
C_144__16	Iamb_4
C_144__17	Iamb_v
C_144__18	
C_144__19	
C_144__2	
C_144__20	
C_144__21	
C_144__22	
C_144__23	
C_144__24	
C_144__25	
C_144__26	
C_144__27	polymetric
C_144__28	
C_144__29	
C_144__3	
C_144__30	
C_144__31	
C_144__32	
C_144__33	Iamb_43
C_144__34	
C_144__35	
C_144__36	
C_144__37	
C_144__38	
C_144__39	
C_144__4	
C_144__40	Trochee_6
C_144__41	Iamb_v
C_144__42	Iamb_v
C_144__43	
C_144__44	
C_144__45	
C_144__46	polymetric
C_144__5	
C_144__6	
C_144__7	
C_144__8	
C_144__9	
C_145__1	
C_145__10	
C_145__11	
C_145__12	
C_145__13	
C_145__14	
C_145__15	
C_145__16	
C_145__17	
C_145__18	
C_145__19	Amphibrach_43
C_145__2	
C_145__20	
C_145__21	Amphibrach_43
C_145__22	
C_145__23	Amphibrach_43
C_145__24	
C_145__25	
C_145__26	
C_145__27	Amphibrach_43
C_145__28	
C_145__29	Amphibrach_43
C_145__3	Other
C_145__30	
C_145__31	
C_145__32	
C_145__33	Amphibrach_43
C_145__34	
C_145__35	Iamb_4
C_145__36	
C_145__37	
C_145__38	
C_145__39	Trochee_43
C_145__4	
C_145__40	
C_145__41	
C_145__42	
C_145__43	
C_145__44	Amphibrach_43
C_145__45	
C_145__46	
C_145__47	
C_145__48	
C_145__49	
C_145__5	Amphibrach_43
C_145__50	
C_145__51	
C_145__6	Amphibrach_43
C_145__7	
C_145__8	
C_145__9	Amphibrach_43
C_149__1	
C_149__10	
C_149__2	Iamb_v
C_149__3	
C_149__4	
C_149__5	
C_149__6	
C_149__7	
C_149__8	
C_149__9	
C_151__1	Other
C_153__1	
C_153__10	
C_153__11	
C_153__12	
C_153__13	
C_153__14	
C_153__15	
C_153__16	
C_153__17	
C_153__18	
C_153__19	
C_153__2	
C_153__20	
C_153__3	
C_153__4	
C_153__5	
C_153__6	
C_153__7	
C_153__8	
C_153__9	
C_154__1	
C_154__10	
C_154__11	
C_154__12	Iamb_43
C_154__13	
C_154__14	
C_154__15	
C_154__16	
C_154__17	Iamb_v
C_154__18	
C_154__19	
C_154__2	Iamb_6
C_154__20	Trochee_v
C_154__21	Iamb_v
C_154__22	
C_154__23	Iamb_v
C_154__24	Other
C_154__25	
C_154__26	
C_154__27	
C_154__28	
C_154__29	
C_154__3	
C_154__30	
C_154__31	
C_154__32	
C_154__33	Iamb_v
C_154__34	
C_154__35	
C_154__36	Other
C_154__37	
C_154__38	
C_154__39	
C_154__4	
C_154__40	
C_154__41	
C_154__42	
C_154__43	
C_154__44	
C_154__45	
C_154__46	
C_154__47	
C_154__48	
C_154__49	
C_154__5	
C_154__50	
C_154__51	
C_154__52	
C_154__53	
C_154__54	
C_154__55	
C_154__56	
C_154__57	
C_154__6	
C_154__7	
C_154__8	
C_154__9	Dactyl_6
C_156__1	
C_156__10	
C_156__11	
C_156__12	
C_156__13	
C_156__14	
C_156__15	
C_156__16	
C_156__17	
C_156__18	
C_156__19	
C_156__2	polymetric
C_156__20	
C_156__21	
C_156__22	
C_156__23	
C_156__27	
C_156__28	
C_156__29	
C_156__3	
C_156__30	
C_156__31	
C_156__32	
C_156__33	
C_156__34	
C_156__35	Iamb_v
C_156__36	
C_156__37	
C_156__38	
C_156__39	
C_156__4	
C_156__40	
C_156__41	
C_156__42	
C_156__43	
C_156__44	
C_156__45	
C_156__46	
C_156__47	
C_156__5	
C_156__6	
C_156__7	
C_156__8	
C_156__9	
C_160__1	
C_160__10	
C_160__11	Iamb_6
C_160__12	
C_160__13	
C_160__14	
C_160__15	
C_160__16	
C_160__17	
C_160__18	
C_160__19	
C_160__2	
C_160__20	
C_160__21	
C_160__22	
C_160__23	
C_160__24	
C_160__25	
C_160__26	
C_160__27	
C_160__28	
C_160__29	
C_160__3	
C_160__30	
C_160__31	
C_160__32	
C_160__33	
C_160__34	
C_160__35	
C_160__36	
C_160__37	
C_160__38	
C_160__39	
C_160__4	
C_160__40	
C_160__41	
C_160__42	
C_160__43	
C_160__44	Dactyl_43
C_160__45	
C_160__46	
C_160__47	
C_160__48	
C_160__49	
C_160__5	
C_160__50	
C_160__51	
C_160__52	
C_160__53	
C_160__54	
C_160__55	
C_160__6	
C_160__7	
C_160__8	
C_160__9	
C_163__1	
C_163__2	Iamb_v
C_163__3	
C_163__4	
C_163__5	
C_163__6	
C_169__1	
C_169__10	
C_169__11	
C_169__12	
C_169__13	
C_169__14	
C_169__15	
C_169__16	
C_169__17	
C_169__18	Dactyl_6
C_169__19	
C_169__2	
C_169__20	
C_169__21	
C_169__22	
C_169__23	
C_169__24	
C_169__25	
C_169__26	
C_169__27	
C_169__28	
C_169__29	
C_169__3	
C_169__30	
C_169__4	
C_169__5	
C_169__6	
C_169__7	
C_169__8	
C_169__9	
C_173__1	
C_173__2	Amphibrach_4
C_173__3	
C_173__4	
C_175__1	
C_175__2	
C_175__3	
C_175__4	
C_175__5	
C_175__6	
C_175__7	Other
C_175__8	Amphibrach_4
C_180__1	
C_180__10	
C_180__11	"logaed; Iamb_4 + Trochee_4"
C_180__12	
C_180__13	
C_180__14	
C_180__15	
C_180__16	Iamb_v
C_180__2	
C_180__3	
C_180__4	Iamb_v
C_180__5	
C_180__6	
C_180__7	
C_180__8	
C_180__9	
C_185__1	
C_185__2	
C_185__3	
C_185__4	
C_185__5	
C_185__6	
C_185__7	
C_185__8	
C_185__9	
C_190__1	
C_190__10	
C_190__11	
C_190__12	
C_190__13	Trochee_43
C_190__14	
C_190__15	
C_190__16	
C_190__17	Trochee_4
C_190__18	
C_190__19	
C_190__2	
C_190__20	
C_190__21	
C_190__22	
C_190__23	
C_190__24	Iamb_43
C_190__25	
C_190__26	
C_190__27	
C_190__28	
C_190__3	Amphibrach_43
C_190__4	
C_190__5	
C_190__6	Iamb_v
C_190__7	Iamb_v
C_190__8	
C_190__9	
C_192__1	
C_192__10	
C_192__11	
C_192__12	
C_192__13	
C_192__14	
C_192__15	
C_192__16	Iamb_v
C_192__17	
C_192__18	
C_192__19	
C_192__2	
C_192__20	
C_192__21	
C_192__22	
C_192__23	
C_192__3	Iamb_v
C_192__4	
C_192__5	
C_192__6	
C_192__7	
C_192__8	
C_192__9	
C_194__1	Amphibrach_43
C_194__10	
C_194__11	
C_194__12	Dactyl_43
C_194__13	
C_194__14	Amphibrach_43
C_194__15	Amphibrach_43
C_194__16	
C_194__17	Other
C_194__18	Iamb_v
C_194__19	
C_194__2	other
C_194__20	
C_194__21	Amphibrach_43
C_194__22	
C_194__23	
C_194__24	
C_194__25	
C_194__26	Iamb_v
C_194__27	
C_194__28	Iamb_v
C_194__29	
C_194__3	Other
C_194__30	
C_194__31	
C_194__32	Iamb_v
C_194__33	
C_194__34	
C_194__35	
C_194__36	
C_194__37	
C_194__38	
C_194__39	
C_194__4	
C_194__40	Iamb_v
C_194__41	
C_194__42	
C_194__43	Amphibrach_434344
C_194__5	
C_194__6	
C_194__7	
C_194__8	
C_194__9	
C_195__1	
C_195__10	
C_195__11	
C_195__12	
C_195__13	
C_195__14	Iamb_v
C_195__15	
C_195__16	Iamb_v
C_195__17	Iamb_v
C_195__18	Iamb_v
C_195__19	
C_195__2	
C_195__20	Iamb_v
C_195__21	Iamb_v
C_195__22	Iamb_v
C_195__23	
C_195__24	
C_195__25	
C_195__26	
C_195__27	Iamb_v
C_195__28	
C_195__29	
C_195__3	
C_195__30	
C_195__31	
C_195__32	
C_195__33	Iamb_v
C_195__34	
C_195__35	
C_195__36	
C_195__37	
C_195__38	Other
C_195__39	
C_195__4	
C_195__40	
C_195__5	
C_195__6	
C_195__7	Iamb_v
C_195__8	Iamb_v
C_195__9	
C_197__1	
C_200__1	
C_202__1	Iamb_3355
C_202__10	
C_202__11	
C_202__2	
C_202__3	
C_202__4	
C_202__5	
C_202__6	
C_202__7	Iamb_4
C_202__8	Iamb_v
C_202__9	
C_203__1	
C_203__10	
C_203__11	
C_203__12	
C_203__13	
C_203__14	Trochee_4
C_203__15	
C_203__16	Iamb_v
C_203__17	
C_203__2	
C_203__3	
C_203__4	
C_203__5	
C_203__6	
C_203__7	
C_203__8	
C_203__9	Iamb_v
C_204__1	
C_204__2	
C_204__3	
C_204__4	
C_204__5	
C_204__6	
C_207__1	
C_207__10	
C_207__11	
C_207__12	
C_207__13	
C_207__14	Iamb_v
C_207__2	Iamb_54
C_207__3	
C_207__4	
C_207__5	
C_207__6	
C_207__7	Iamb_4
C_207__8	Iamb_v
C_207__9	
C_208__1	Iamb_v
C_208__10	Iamb_v
C_208__11	
C_208__12	
C_208__13	Iamb_v
C_208__14	
C_208__15	
C_208__16	
C_208__17	
C_208__18	
C_208__19	Iamb_v
C_208__2	Iamb_5
C_208__20	
C_208__21	
C_208__22	
C_208__23	
C_208__24	
C_208__25	
C_208__26	
C_208__27	
C_208__3	
C_208__4	
C_208__5	polymetric
C_208__6	
C_208__7	
C_208__8	
C_208__9	
C_209__1	
C_209__10	
C_209__11	
C_209__12	
C_209__13	
C_209__14	Iamb_v
C_209__15	
C_209__16	
C_209__17	
C_209__18	
C_209__19	
C_209__2	
C_209__20	
C_209__21	Iamb_65
C_209__22	Iamb_v
C_209__23	
C_209__24	
C_209__25	
C_209__26	Iamb_v
C_209__27	
C_209__28	
C_209__29	
C_209__3	
C_209__30	Iamb_v
C_209__31	Iamb_v
C_209__32	
C_209__33	
C_209__34	
C_209__35	
C_209__36	
C_209__37	
C_209__38	
C_209__39	
C_209__4	
C_209__40	
C_209__41	Iamb_v
C_209__42	
C_209__43	Iamb_v
C_209__44	
C_209__45	
C_209__46	
C_209__47	Iamb_v
C_209__48	
C_209__49	
C_209__5	
C_209__50	
C_209__51	
C_209__52	
C_209__6	Iamb_v
C_209__7	
C_209__8	Iamb_v
C_209__9	Iamb_54
C_211__1	
C_211__2	
C_211__3	
C_234__1	
C_234__10	
C_234__11	
C_234__12	
C_234__13	
C_234__2	
C_234__3	
C_234__4	
C_234__5	
C_234__6	
C_234__7	
C_234__8	
C_234__9	
C_240__1	
C_240__10	
C_240__11	
C_240__12	
C_240__13	
C_240__14	
C_240__15	
C_240__16	
C_240__17	
C_240__18	
C_240__19	
C_240__2	
C_240__20	
C_240__21	
C_240__22	
C_240__23	Iamb_v
C_240__24	Iamb_v
C_240__25	
C_240__26	
C_240__27	Iamb_v
C_240__28	
C_240__29	Iamb_43
C_240__3	
C_240__30	
C_240__31	Iamb_v
C_240__32	
C_240__33	
C_240__34	Iamb_v
C_240__35	
C_240__36	
C_240__37	
C_240__38	
C_240__39	Iamb_v
C_240__4	
C_240__5	
C_240__6	
C_240__7	
C_240__8	
C_240__9	
C_241__1	
C_241__10	
C_241__11	Iamb_444422
C_241__12	
C_241__13	
C_241__14	
C_241__15	
C_241__16	Iamb_43
C_241__17	
C_241__18	
C_241__19	
C_241__2	
C_241__20	Iamb_v
C_241__21	
C_241__22	
C_241__23	Iamb_6
C_241__24	Trochee_4
C_241__25	Iamb_v
C_241__26	
C_241__27	
C_241__28	Other
C_241__29	
C_241__3	
C_241__30	
C_241__31	
C_241__32	
C_241__33	
C_241__34	
C_241__35	
C_241__36	
C_241__37	
C_241__38	
C_241__39	
C_241__4	
C_241__40	
C_241__41	
C_241__42	
C_241__43	
C_241__44	
C_241__45	
C_241__46	Iamb_4
C_241__47	Iamb_v
C_241__48	
C_241__49	
C_241__5	
C_241__50	Iamb_v
C_241__51	
C_241__52	Iamb_v
C_241__53	Iamb_v
C_241__54	
C_241__55	
C_241__56	
C_241__57	
C_241__58	
C_241__59	
C_241__6	
C_241__60	
C_241__61	
C_241__62	
C_241__63	
C_241__64	
C_241__65	
C_241__66	
C_241__67	
C_241__68	
C_241__69	
C_241__7	
C_241__8	
C_241__9	
C_249__1	Iamb_v
C_249__10	
C_249__11	
C_249__12	
C_249__13	
C_249__14	
C_249__15	
C_249__16	
C_249__17	
C_249__18	
C_249__19	
C_249__2	
C_249__20	
C_249__21	
C_249__22	
C_249__23	
C_249__24	
C_249__25	
C_249__26	
C_249__27	
C_249__28	
C_249__29	Amphibrach_43
C_249__3	Iamb_v
C_249__30	
C_249__31	
C_249__32	
C_249__33	Iamb_4664
C_249__34	
C_249__35	
C_249__4	
C_249__5	
C_249__6	
C_249__7	
C_249__8	
C_249__9	
C_252__1	
C_257__1	
C_257__10	
C_257__11	
C_257__12	Iamb_43
C_257__13	polymetric
C_257__14	
C_257__15	
C_257__16	
C_257__17	
C_257__18	
C_257__19	
C_257__2	
C_257__20	
C_257__21	
C_257__22	
C_257__23	
C_257__24	
C_257__3	
C_257__4	
C_257__5	Trochee_43
C_257__6	Dactyl_43
C_257__7	
C_257__8	
C_257__9	
C_264__1	
C_264__10	
C_264__11	
C_264__12	
C_264__13	
C_264__14	
C_264__15	
C_264__16	
C_264__17	
C_264__18	
C_264__19	
C_264__2	
C_264__20	
C_264__21	
C_264__22	
C_264__23	
C_264__24	
C_264__25	
C_264__26	
C_264__27	
C_264__28	
C_264__29	
C_264__3	
C_264__30	
C_264__31	
C_264__32	
C_264__4	
C_264__5	
C_264__6	
C_264__7	
C_264__8	
C_264__9	
C_266__1	
C_269__1	
C_269__10	
C_269__11	
C_269__12	
C_269__13	Iamb_54
C_269__14	
C_269__15	Iamb_v
C_269__16	
C_269__17	
C_269__18	
C_269__19	
C_269__2	
C_269__20	polymetric
C_269__21	
C_269__22	
C_269__23	
C_269__24	
C_269__25	
C_269__26	
C_269__3	
C_269__4	polymetric
C_269__5	
C_269__6	Amphibrach_434344
C_269__7	
C_269__8	
C_269__9	
C_270__1	
C_270__10	
C_270__11	
C_270__12	
C_270__13	
C_270__14	
C_270__15	
C_270__16	
C_270__17	
C_270__18	Iamb_v
C_270__19	
C_270__2	
C_270__20	
C_270__21	
C_270__22	
C_270__23	
C_270__24	
C_270__25	
C_270__26	
C_270__27	
C_270__3	
C_270__4	
C_270__5	Iamb_v
C_270__6	
C_270__7	
C_270__8	
C_270__9	
C_274__1	
C_276__1	
C_277__1	
C_277__10	
C_277__11	
C_277__12	
C_277__13	
C_277__14	
C_277__15	
C_277__16	
C_277__17	
C_277__18	
C_277__19	
C_277__2	
C_277__20	
C_277__3	
C_277__4	
C_277__5	polymetric
C_277__6	
C_277__7	
C_277__8	
C_277__9	
C_285__1	
C_285__10	
C_285__11	
C_285__12	
C_285__13	
C_285__14	
C_285__15	
C_285__16	
C_285__17	
C_285__2	
C_285__3	
C_285__4	
C_285__5	
C_285__6	
C_285__7	
C_285__8	Iamb_4
C_285__9	Trochee_4
C_287__1	
C_287__2	
C_288__1	
C_289__1	
C_291__1	
C_298__1	
C_298__10	
C_298__11	
C_298__12	
C_298__13	
C_298__14	
C_298__2	
C_298__3	
C_298__4	Iamb_v
C_298__5	Iamb_6
C_298__6	Other
C_298__7	
C_298__8	
C_298__9	
C_299__1	
C_299__10	polymetric
C_299__11	
C_299__12	
C_299__13	
C_299__14	
C_299__15	
C_299__16	polymetric
C_299__17	
C_299__18	
C_299__19	
C_299__2	
C_299__20	
C_299__21	
C_299__22	
C_299__23	
C_299__24	
C_299__25	Trochee_4
C_299__26	
C_299__27	
C_299__28	
C_299__3	
C_299__4	polymetric
C_299__5	Iamb_v
C_299__6	
C_299__7	polymetric
C_299__8	
C_299__9	
C_300__1	
C_300__10	
C_300__11	
C_300__12	
C_300__13	
C_300__14	
C_300__15	
C_300__16	Iamb_4
C_300__17	
C_300__18	Trochee_4
C_300__19	polymetric
C_300__2	
C_300__20	
C_300__21	
C_300__22	
C_300__23	
C_300__24	
C_300__25	
C_300__26	
C_300__27	
C_300__28	
C_300__29	
C_300__3	
C_300__30	
C_300__31	
C_300__32	
C_300__33	
C_300__34	
C_300__35	
C_300__36	
C_300__37	
C_300__38	
C_300__39	
C_300__4	polymetric
C_300__5	
C_300__6	
C_300__7	
C_300__8	
C_300__9	
C_301__1	Amphibrach_4
C_301__10	Dactyl_43
C_301__11	polymetric
C_301__12	Iamb_4
C_301__13	Iamb_6
C_301__14	Trochee_4
C_301__15	Amphibrach_43443
C_301__16	
C_301__17	
C_301__18	
C_301__19	
C_301__2	
C_301__20	
C_301__21	
C_301__22	
C_301__23	
C_301__24	
C_301__25	Iamb_66663
C_301__26	Amphibrach_442222
C_301__27	
C_301__28	Other
C_301__29	
C_301__3	
C_301__30	
C_301__31	
C_301__32	
C_301__33	
C_301__34	Iamb_v
C_301__35	
C_301__36	
C_301__37	
C_301__38	Iamb_v
C_301__39	
C_301__4	Iamb_v
C_301__40	
C_301__41	Iamb_64
C_301__42	Amphibrach_43
C_301__43	
C_301__44	
C_301__5	Iamb_43
C_301__6	
C_301__7	
C_301__8	
C_301__9	
C_306__1	
C_312__1	
C_312__10	
C_312__11	
C_312__12	
C_312__13	
C_312__14	Iamb_v
C_312__15	
C_312__16	
C_312__17	
C_312__18	
C_312__19	
C_312__2	
C_312__20	
C_312__21	
C_312__22	Iamb_v
C_312__23	Iamb_v
C_312__24	
C_312__25	
C_312__26	
C_312__27	
C_312__28	
C_312__29	
C_312__3	
C_312__30	
C_312__31	Iamb_v
C_312__32	Iamb_v
C_312__33	
C_312__34	
C_312__35	
C_312__4	
C_312__5	Iamb_v
C_312__6	
C_312__7	
C_312__8	Iamb_v
C_312__9	
C_315__1	
C_315__10	
C_315__11	
C_315__12	
C_315__13	
C_315__14	Iamb_664
C_315__15	Trochee_43
C_315__16	
C_315__17	
C_315__18	Amphibrach_5354
C_315__19	
C_315__2	
C_315__20	
C_315__21	
C_315__22	
C_315__23	Iamb_v
C_315__24	Iamb_554
C_315__25	Iamb_4
C_315__26	
C_315__3	
C_315__4	Iamb_v
C_315__5	
C_315__6	
C_315__7	Iamb_64
C_315__8	Iamb_64
C_315__9	
C_316__1	
C_316__10	
C_316__11	Iamb_64
C_316__12	
C_316__13	
C_316__14	Iamb_v
C_316__15	polymetric
C_316__16	
C_316__17	Dactyl_43
C_316__18	
C_316__19	Amphibrach_4343434344
C_316__2	
C_316__20	
C_316__21	Amphibrach_4343434344
C_316__22	
C_316__23	
C_316__24	
C_316__25	
C_316__26	
C_316__27	
C_316__28	
C_316__29	
C_316__3	
C_316__30	
C_316__31	
C_316__32	
C_316__33	Trochee_84
C_316__34	
C_316__35	
C_316__36	
C_316__37	Iamb_v
C_316__38	
C_316__39	Dactyl_43
C_316__4	
C_316__40	Iamb_52
C_316__41	
C_316__42	
C_316__43	
C_316__44	
C_316__45	
C_316__5	
C_316__6	
C_316__7	
C_316__8	Iamb_v
C_316__9	
C_318__1	
C_318__2	
C_318__3	
C_318__4	
C_318__5	
C_319__1	
C_319__10	
C_319__11	
C_319__12	
C_319__13	
C_319__2	
C_319__3	Dactyl_43
C_319__4	
C_319__5	
C_319__6	
C_319__7	
C_319__8	
C_319__9	
C_320__1	
C_320__10	
C_320__11	
C_320__12	
C_320__13	Dactyl_6
C_320__14	
C_320__15	Iamb_v
C_320__16	
C_320__17	
C_320__18	Iamb_43
C_320__19	
C_320__2	
C_320__20	Other
C_320__21	
C_320__22	
C_320__23	
C_320__24	
C_320__25	
C_320__26	
C_320__27	
C_320__28	Iamb_v
C_320__29	Iamb_v
C_320__3	
C_320__30	Dactyl_42
C_320__31	Iamb_4
C_320__32	
C_320__33	
C_320__34	Iamb_v
C_320__35	Iamb_v
C_320__36	
C_320__37	Iamb_5
C_320__38	Iamb_43
C_320__39	
C_320__4	
C_320__40	
C_320__41	
C_320__42	
C_320__43	
C_320__5	Trochee_443
C_320__6	
C_320__7	
C_320__8	
C_320__9	
C_324__1	
C_324__2	
C_324__3	
C_325__1	
C_325__10	
C_325__11	
C_325__12	
C_325__13	
C_325__14	
C_325__15	Iamb_v
C_325__16	
C_325__17	
C_325__18	
C_325__19	
C_325__2	
C_325__20	
C_325__21	
C_325__22	polymetric
C_325__23	
C_325__24	
C_325__25	Iamb_v
C_325__26	
C_325__27	
C_325__28	Iamb_v
C_325__29	
C_325__3	Iamb_v
C_325__30	
C_325__31	
C_325__32	
C_325__33	
C_325__4	
C_325__5	Iamb_64
C_325__6	polymetric
C_325__7	
C_325__8	
C_325__9	Amphibrach_4
C_327__1	
C_327__10	
C_327__11	
C_327__12	
C_327__13	
C_327__14	
C_327__15	polymetric
C_327__16	
C_327__17	Amphibrach_42
C_327__18	Iamb_65
C_327__19	
C_327__2	
C_327__20	
C_327__21	
C_327__22	
C_327__23	
C_327__24	
C_327__25	Iamb_v
C_327__26	
C_327__27	
C_327__28	Other
C_327__29	
C_327__3	
C_327__30	
C_327__31	
C_327__32	
C_327__33	
C_327__34	Iamb_v
C_327__35	
C_327__36	
C_327__37	
C_327__38	
C_327__39	
C_327__4	
C_327__40	
C_327__41	Iamb_4
C_327__42	
C_327__43	
C_327__44	
C_327__45	
C_327__46	Iamb_4
C_327__47	
C_327__48	
C_327__49	
C_327__5	Iamb_43
C_327__50	
C_327__51	
C_327__52	
C_327__53	
C_327__54	
C_327__55	
C_327__56	
C_327__57	
C_327__58	
C_327__59	
C_327__6	
C_327__60	
C_327__61	
C_327__62	
C_327__7	
C_327__8	other
C_327__9	
C_335__1	
C_343__1	
C_343__10	
C_343__11	
C_343__12	
C_343__13	
C_343__14	
C_343__15	
C_343__16	Iamb_v
C_343__17	
C_343__18	
C_343__19	
C_343__2	
C_343__20	Amphibrach_32
C_343__21	
C_343__22	
C_343__23	
C_343__24	
C_343__25	
C_343__26	
C_343__27	
C_343__28	
C_343__29	
C_343__3	
C_343__30	
C_343__31	
C_343__32	
C_343__33	
C_343__34	
C_343__35	
C_343__36	
C_343__37	
C_343__38	
C_343__39	
C_343__4	
C_343__40	
C_343__41	Iamb_5
C_343__42	
C_343__43	
C_343__44	
C_343__45	
C_343__46	
C_343__47	
C_343__48	Iamb_43
C_343__49	Iamb_43
C_343__5	
C_343__50	
C_343__51	
C_343__52	
C_343__53	
C_343__54	
C_343__55	
C_343__56	
C_343__57	
C_343__58	
C_343__59	polymetric
C_343__6	
C_343__60	
C_343__61	
C_343__62	
C_343__63	
C_343__64	
C_343__65	
C_343__7	
C_343__8	
C_343__9	Iamb_64
C_344__1	
C_344__2	Iamb_v
C_344__3	
C_344__4	
C_344__5	
C_344__6	
C_344__7	
C_344__8	
C_352__1	Trochee_v
C_352__10	
C_352__11	Dactyl_6
C_352__12	
C_352__13	
C_352__14	
C_352__15	Iamb_v
C_352__16	Iamb_v
C_352__17	
C_352__18	
C_352__19	Iamb_v
C_352__2	
C_352__3	
C_352__4	
C_352__5	Iamb_v
C_352__6	
C_352__7	
C_352__8	
C_352__9	
C_633__1	Iamb_v
C_633__10	Iamb_v
C_633__100	Iamb_v
C_633__101	Iamb_v
C_633__102	Iamb_v
C_633__103	Iamb_v
C_633__104	Iamb_v
C_633__105	Iamb_v
C_633__106	Iamb_v
C_633__107	Iamb_v
C_633__108	Iamb_v
C_633__109	Iamb_v
C_633__11	Iamb_v
C_633__110	Iamb_v
C_633__111	Iamb_v
C_633__112	Iamb_v
C_633__113	Iamb_v
C_633__114	Iamb_v
C_633__115	Iamb_v
C_633__116	Iamb_v
C_633__117	Iamb_v
C_633__118	Iamb_v
C_633__119	Iamb_v
C_633__12	Iamb_v
C_633__120	Iamb_v
C_633__121	Iamb_v
C_633__122	Iamb_v
C_633__123	Iamb_v
C_633__124	Iamb_v
C_633__125	Iamb_v
C_633__126	Iamb_v
C_633__127	Iamb_v
C_633__128	Iamb_v
C_633__129	Iamb_v
C_633__13	Iamb_v
C_633__130	Iamb_v
C_633__131	Iamb_v
C_633__132	Iamb_v
C_633__133	Iamb_v
C_633__134	Iamb_v
C_633__135	Iamb_v
C_633__136	Iamb_v
C_633__137	Iamb_v
C_633__138	Iamb_v
C_633__139	Iamb_v
C_633__14	Iamb_v
C_633__140	Iamb_v
C_633__141	Iamb_v
C_633__142	Iamb_v
C_633__143	Iamb_v
C_633__144	Iamb_v
C_633__145	Iamb_v
C_633__146	Iamb_v
C_633__147	Iamb_v
C_633__148	Iamb_v
C_633__149	Iamb_v
C_633__15	Iamb_v
C_633__150	Iamb_v
C_633__151	Iamb_v
C_633__152	Iamb_v
C_633__153	Iamb_v
C_633__154	Iamb_v
C_633__155	Iamb_v
C_633__156	Iamb_v
C_633__157	Iamb_v
C_633__158	Iamb_v
C_633__159	Iamb_v
C_633__16	Iamb_v
C_633__160	Iamb_v
C_633__161	Iamb_v
C_633__162	Iamb_v
C_633__163	Iamb_v
C_633__164	Iamb_v
C_633__165	Iamb_v
C_633__166	Iamb_v
C_633__167	Iamb_v
C_633__168	Iamb_v
C_633__169	Iamb_v
C_633__17	Iamb_v
C_633__170	Iamb_v
C_633__171	
C_633__172	Iamb_v
C_633__173	Iamb_v
C_633__174	Iamb_v
C_633__175	Iamb_v
C_633__176	Iamb_v
C_633__177	Iamb_v
C_633__178	Iamb_v
C_633__179	Iamb_v
C_633__18	Iamb_v
C_633__180	Iamb_v
C_633__181	Iamb_v
C_633__182	Iamb_v
C_633__183	Iamb_v
C_633__184	
C_633__185	Iamb_v
C_633__186	Iamb_v
C_633__19	Iamb_v
C_633__2	Iamb_v
C_633__20	Iamb_v
C_633__21	Iamb_v
C_633__22	Iamb_v
C_633__23	Iamb_v
C_633__24	Iamb_v
C_633__25	Iamb_v
C_633__26	Iamb_v
C_633__27	Iamb_v
C_633__28	Iamb_v
C_633__29	Iamb_v
C_633__3	Iamb_v
C_633__30	Iamb_v
C_633__31	Iamb_v
C_633__32	Iamb_v
C_633__33	Iamb_v
C_633__34	
C_633__35	Iamb_v
C_633__36	Iamb_v
C_633__37	Iamb_v
C_633__38	Iamb_v
C_633__39	Iamb_v
C_633__4	Iamb_v
C_633__40	Iamb_v
C_633__41	Iamb_v
C_633__42	Iamb_v
C_633__43	Iamb_v
C_633__44	Iamb_v
C_633__45	Iamb_v
C_633__46	Iamb_v
C_633__47	Iamb_v
C_633__48	Iamb_v
C_633__49	Iamb_v
C_633__5	Iamb_v
C_633__50	Iamb_v
C_633__51	Iamb_v
C_633__52	Iamb_v
C_633__53	Iamb_v
C_633__54	Iamb_v
C_633__55	Iamb_v
C_633__56	Iamb_v
C_633__57	Iamb_v
C_633__58	Iamb_v
C_633__59	Iamb_v
C_633__6	Iamb_v
C_633__60	Iamb_v
C_633__61	Iamb_v
C_633__62	Iamb_v
C_633__63	Iamb_v
C_633__64	Iamb_v
C_633__65	Iamb_v
C_633__66	Iamb_v
C_633__67	Iamb_v
C_633__68	Iamb_v
C_633__69	Iamb_v
C_633__7	Iamb_v
C_633__70	Iamb_v
C_633__71	Iamb_v
C_633__72	Iamb_v
C_633__73	Iamb_v
C_633__74	Iamb_v
C_633__75	Iamb_v
C_633__76	Iamb_v
C_633__77	Iamb_v
C_633__78	Iamb_v
C_633__79	Iamb_v
C_633__8	Iamb_v
C_633__80	Iamb_v
C_633__81	Iamb_v
C_633__82	Iamb_v
C_633__83	Iamb_v
C_633__84	Iamb_v
C_633__85	Iamb_v
C_633__86	Iamb_v
C_633__87	Iamb_v
C_633__88	Iamb_v
C_633__89	Iamb_v
C_633__9	Iamb_v
C_633__90	Iamb_v
C_633__91	Iamb_v
C_633__92	Iamb_v
C_633__93	Iamb_v
C_633__94	Iamb_v
C_633__95	Iamb_v
C_633__96	Iamb_v
C_633__97	Iamb_v
C_633__98	Iamb_v
C_633__99	Iamb_v
C_68__1	Iamb_v
C_68__10	
C_68__100	
C_68__101	Iamb_5
C_68__102	
C_68__103	Iamb_v
C_68__104	
C_68__105	
C_68__106	
C_68__107	
C_68__108	
C_68__109	
C_68__11	
C_68__110	
C_68__111	Iamb_v
C_68__112	
C_68__113	
C_68__114	
C_68__115	
C_68__116	
C_68__117	
C_68__118	
C_68__119	Amphibrach_434344
C_68__12	Iamb_64
C_68__120	Iamb_54
C_68__121	
C_68__122	
C_68__123	
C_68__124	Iamb_5
C_68__125	Iamb_43
C_68__126	
C_68__127	
C_68__128	
C_68__129	
C_68__13	Trochee_42
C_68__130	
C_68__131	
C_68__14	
C_68__15	
C_68__16	
C_68__17	Iamb_64
C_68__18	
C_68__19	Iamb_64
C_68__2	
C_68__20	
C_68__21	
C_68__22	Iamb_43
C_68__23	
C_68__24	
C_68__25	
C_68__26	
C_68__27	
C_68__28	
C_68__29	Iamb_42
C_68__3	Iamb_v
C_68__30	
C_68__31	
C_68__32	
C_68__33	
C_68__34	
C_68__35	
C_68__36	Iamb_43
C_68__37	
C_68__38	
C_68__39	
C_68__4	
C_68__40	
C_68__41	Iamb_v
C_68__42	
C_68__43	
C_68__44	
C_68__45	
C_68__46	
C_68__47	
C_68__48	Iamb_43
C_68__49	
C_68__5	Iamb_v
C_68__50	
C_68__51	
C_68__52	
C_68__53	
C_68__54	
C_68__55	
C_68__56	
C_68__57	
C_68__58	
C_68__59	Iamb_52
C_68__6	Iamb_53
C_68__60	
C_68__61	
C_68__62	Iamb_43
C_68__63	Iamb_43
C_68__64	
C_68__65	Iamb_v
C_68__66	
C_68__67	
C_68__68	
C_68__69	
C_68__7	
C_68__70	Iamb_4
C_68__71	
C_68__72	
C_68__73	
C_68__74	
C_68__75	
C_68__76	
C_68__77	
C_68__78	
C_68__79	
C_68__8	
C_68__80	
C_68__81	
C_68__82	Iamb_4
C_68__83	Iamb_v
C_68__84	
C_68__85	
C_68__86	
C_68__87	
C_68__88	
C_68__89	
C_68__9	
C_68__90	
C_68__91	
C_68__92	
C_68__93	Iamb_v
C_68__94	
C_68__95	
C_68__96	Iamb_v
C_68__97	
C_68__98	
C_68__99	
C_691__1	
C_69__1	
C_69__10	
C_69__11	
C_69__12	
C_69__13	
C_69__14	
C_69__15	
C_69__16	
C_69__17	
C_69__18	
C_69__19	
C_69__2	
C_69__20	
C_69__21	
C_69__22	Iamb_4
C_69__23	
C_69__24	
C_69__25	
C_69__26	Iamb_34
C_69__27	
C_69__3	
C_69__4	
C_69__5	
C_69__6	
C_69__7	
C_69__8	
C_69__9	
C_70__1	
C_70__10	
C_70__11	
C_70__12	
C_70__13	
C_70__14	
C_70__15	
C_70__16	
C_70__17	
C_70__18	
C_70__19	Dactyl_6
C_70__2	
C_70__20	
C_70__21	
C_70__22	
C_70__23	Iamb_v
C_70__24	Amphibrach_43
C_70__25	
C_70__26	
C_70__27	
C_70__28	Iamb_4
C_70__29	
C_70__3	
C_70__30	
C_70__31	
C_70__32	
C_70__33	
C_70__34	Dactyl_6
C_70__35	Dactyl_6
C_70__36	
C_70__37	Iamb_43
C_70__38	
C_70__39	
C_70__4	
C_70__40	
C_70__41	
C_70__42	
C_70__43	
C_70__44	
C_70__45	
C_70__46	
C_70__47	
C_70__48	Dactyl_6
C_70__49	
C_70__5	
C_70__6	
C_70__7	
C_70__8	
C_70__9	
C_71__1	
C_71__10	
C_71__11	
C_71__12	
C_71__13	
C_71__14	
C_71__15	Iamb_v
C_71__16	
C_71__17	
C_71__18	
C_71__19	
C_71__2	
C_71__20	
C_71__21	
C_71__22	
C_71__23	
C_71__24	
C_71__25	
C_71__26	
C_71__27	
C_71__28	
C_71__29	
C_71__3	
C_71__30	
C_71__31	
C_71__32	
C_71__33	
C_71__34	
C_71__35	
C_71__36	
C_71__37	
C_71__38	
C_71__39	
C_71__4	
C_71__40	
C_71__41	
C_71__42	
C_71__43	
C_71__44	
C_71__45	
C_71__46	
C_71__47	
C_71__48	
C_71__49	
C_71__5	
C_71__50	
C_71__51	
C_71__6	
C_71__7	
C_71__8	
C_71__9	
C_73__1	Other
C_73__10	
C_73__11	Iamb_v
C_73__12	Other
C_73__13	
C_73__14	
C_73__15	
C_73__16	
C_73__17	
C_73__18	
C_73__2	
C_73__3	
C_73__4	
C_73__5	
C_73__6	
C_73__7	Other
C_73__8	Iamb_v
C_73__9	
C_74__1	
C_74__10	
C_74__11	
C_74__12	
C_74__13	
C_74__14	
C_74__15	
C_74__16	
C_74__17	
C_74__2	Iamb_v
C_74__3	
C_74__4	
C_74__5	Iamb_v
C_74__6	
C_74__7	
C_74__8	
C_74__9	
C_75__1	Iamb_v
C_75__10	
C_75__11	
C_75__12	
C_75__13	
C_75__14	
C_75__15	
C_75__16	
C_75__17	
C_75__18	
C_75__19	
C_75__2	
C_75__20	
C_75__21	
C_75__22	Amphibrach_42
C_75__23	
C_75__24	
C_75__25	
C_75__26	
C_75__27	
C_75__28	
C_75__29	Iamb_v
C_75__3	
C_75__30	
C_75__31	
C_75__32	
C_75__33	
C_75__34	Iamb_v
C_75__35	
C_75__36	
C_75__37	
C_75__38	Trochee_43
C_75__39	
C_75__4	
C_75__40	
C_75__41	polymetric
C_75__42	
C_75__43	
C_75__44	
C_75__45	
C_75__5	
C_75__6	
C_75__7	
C_75__8	Iamb_v
C_75__9	
C_76__1	
C_76__10	
C_76__11	
C_76__12	
C_76__13	
C_76__14	
C_76__15	
C_76__16	
C_76__17	
C_76__18	
C_76__19	
C_76__2	polymetric
C_76__20	
C_76__21	
C_76__22	
C_76__23	
C_76__24	
C_76__25	polymetric
C_76__26	Amphibrach_43
C_76__27	Iamb_v
C_76__28	
C_76__29	
C_76__3	
C_76__30	
C_76__31	
C_76__32	
C_76__33	
C_76__34	
C_76__35	Other
C_76__36	
C_76__37	
C_76__38	
C_76__39	
C_76__4	
C_76__40	Trochee_43
C_76__41	Amphibrach_434344
C_76__42	
C_76__43	Amphibrach_43
C_76__44	Iamb_v
C_76__45	
C_76__46	
C_76__47	
C_76__48	
C_76__5	
C_76__6	
C_76__7	
C_76__8	
C_76__9	
C_81__1	
C_81__2	Other
C_81__3	
C_81__4	
C_81__5	
C_81__6	
C_81__7	Dactyl_6
C_81__8	
C_83__1	Iamb_v
C_83__10	
C_83__11	Iamb_v
C_83__12	Iamb_v
C_83__13	
C_83__14	Iamb_65
C_83__15	
C_83__16	
C_83__17	Iamb_v
C_83__18	
C_83__19	
C_83__2	
C_83__3	
C_83__4	
C_83__5	Iamb_v
C_83__6	
C_83__7	
C_83__8	Iamb_v
C_83__9	
C_84__1	
C_84__10	
C_84__11	
C_84__12	
C_84__13	Iamb_v
C_84__14	
C_84__15	
C_84__16	
C_84__17	
C_84__18	
C_84__19	
C_84__2	Iamb_v
C_84__20	Iamb_v
C_84__21	Iamb_4
C_84__22	
C_84__23	Iamb_4
C_84__24	Iamb_v
C_84__25	Iamb_v
C_84__26	
C_84__27	
C_84__28	
C_84__29	
C_84__3	Iamb_v
C_84__30	
C_84__31	
C_84__32	
C_84__33	
C_84__34	
C_84__35	
C_84__4	
C_84__5	
C_84__6	Iamb_v
C_84__7	Iamb_v
C_84__8	Iamb_v
C_84__9	Iamb_v
C_85__1	
C_85__10	
C_85__11	
C_85__12	
C_85__13	
C_85__14	
C_85__15	
C_85__16	
C_85__17	
C_85__18	
C_85__19	
C_85__2	
C_85__20	Other
C_85__21	
C_85__22	
C_85__23	
C_85__24	
C_85__25	
C_85__26	
C_85__27	
C_85__28	
C_85__29	
C_85__3	Iamb_4
C_85__30	
C_85__31	
C_85__32	
C_85__33	
C_85__34	
C_85__35	
C_85__36	
C_85__37	
C_85__38	
C_85__39	Other
C_85__4	
C_85__40	
C_85__41	
C_85__42	
C_85__43	
C_85__44	
C_85__45	
C_85__46	
C_85__47	
C_85__48	
C_85__49	polymetric
C_85__5	
C_85__50	
C_85__51	
C_85__52	
C_85__53	
C_85__54	
C_85__55	
C_85__56	
C_85__57	
C_85__58	Trochee_43
C_85__59	
C_85__6	
C_85__60	
C_85__61	
C_85__62	
C_85__63	
C_85__64	
C_85__65	
C_85__66	
C_85__67	polymetric
C_85__68	
C_85__69	Trochee_43
C_85__7	
C_85__70	
C_85__71	
C_85__8	
C_85__9	
C_86__1	Amphibrach_4
C_86__2	
C_900__1	
C_900__2	
C_900__3	Iamb_v
C_901__1	
C_90__1	
C_90__10	
C_90__11	
C_90__12	Dactyl_43
C_90__13	
C_90__14	
C_90__15	
C_90__16	polymetric
C_90__17	
C_90__18	
C_90__19	
C_90__2	
C_90__20	polymetric
C_90__21	
C_90__22	
C_90__23	
C_90__24	Iamb_63
C_90__25	
C_90__26	
C_90__27	Iamb_v
C_90__28	
C_90__29	polymetric
C_90__3	
C_90__30	
C_90__31	
C_90__32	
C_90__33	Trochee_63
C_90__34	
C_90__35	
C_90__36	
C_90__37	
C_90__38	
C_90__39	
C_90__4	
C_90__40	
C_90__41	Amphibrach_43
C_90__42	polymetric
C_90__43	
C_90__44	
C_90__45	
C_90__46	
C_90__47	
C_90__48	
C_90__49	
C_90__5	
C_90__50	
C_90__6	
C_90__7	
C_90__8	
C_90__9	
C_91__1	Iamb_v
C_91__2	Iamb_6664
C_91__3	
C_91__4	Iamb_43
C_91__5	Iamb_5555444444
C_91__6	Iamb_v
C_91__7	
C_92__1	Amphibrach_22224444
C_92__10	
C_92__11	
C_92__12	
C_92__13	
C_92__14	
C_92__15	
C_92__16	Iamb_5555444
C_92__17	
C_92__18	
C_92__19	
C_92__2	
C_92__20	Trochee_43
C_92__21	Iamb_43
C_92__22	
C_92__23	
C_92__24	
C_92__25	
C_92__26	
C_92__27	
C_92__28	
C_92__29	
C_92__3	
C_92__30	
C_92__31	
C_92__32	
C_92__33	
C_92__34	
C_92__35	Iamb_5554442
C_92__36	
C_92__37	
C_92__38	
C_92__39	
C_92__4	
C_92__40	
C_92__41	Iamb_6664
C_92__42	
C_92__43	
C_92__44	Iamb_6664
C_92__45	
C_92__46	
C_92__47	
C_92__48	
C_92__49	
C_92__5	
C_92__50	
C_92__51	
C_92__52	
C_92__53	
C_92__54	
C_92__55	
C_92__56	
C_92__57	
C_92__58	
C_92__59	
C_92__6	
C_92__60	
C_92__61	
C_92__7	
C_92__8	
C_92__9	Iamb_55566664
C_95__1	
C_95__10	Iamb_64
C_95__11	
C_95__12	
C_95__13	
C_95__14	
C_95__15	
C_95__16	
C_95__17	
C_95__18	Iamb_43
C_95__19	
C_95__2	
C_95__20	
C_95__21	
C_95__3	
C_95__4	
C_95__5	
C_95__6	
C_95__7	
C_95__8	
C_95__9	
P_1	
P_10	
P_100	
P_1000	
P_1001	
P_1002	
P_1003	polymetric
P_1004	
P_1005	
P_1006	
P_1007	
P_1008	Iamb_v
P_1009	Iamb_v
P_101	
P_1010	
P_1011	
P_1012	
P_1013	
P_1014	
P_1015	
P_1016	
P_1017	Iamb_6
P_1018	Iamb_663
P_1019	Iamb_v
P_102	
P_1020	
P_1021	
P_1022	
P_1023	
P_1024	
P_1025	
P_1026	
P_1027	
P_1028	Trochee_v
P_1029	
P_103	
P_1030	
P_1031	
P_1032	Iamb_54
P_1033	
P_1034	
P_1035	
P_1036	
P_1037	
P_1038	
P_1039	
P_104	Iamb_v
P_1040	
P_1041	
P_1042	
P_1043	Iamb_v
P_1044	
P_1045	
P_1046	Iamb_v
P_1047	
P_1048	
P_1049	
P_105	
P_1050	
P_1051	
P_1052	
P_1053	
P_1054	
P_1055	
P_1056	
P_1057	
P_1058	
P_1059	
P_106	
P_1060	polymetric
P_1061	
P_1062	
P_1063	
P_1064	
P_1065	
P_1066	
P_1067	
P_1068	
P_1069	
P_107	
P_1070	
P_1071	Iamb_v
P_1072	
P_1073	
P_1074	
P_1075	
P_1076	
P_1077	
P_1078	Iamb_v
P_1079	
P_108	
P_1080	Iamb_v
P_1081	
P_1082	Iamb_63
P_1083	
P_1084	Iamb_v
P_1085	
P_1086	
P_1087	
P_1088	
P_1089	
P_109	
P_1090	
P_1091	
P_1092	
P_1093	
P_1094	Iamb_v
P_1095	
P_1096	
P_1097	
P_1098	
P_1099	
P_11	
P_110	
P_1100	polymetric
P_1101	
P_1102	
P_1103	Iamb_6664
P_1104	
P_1105	Iamb_v
P_1106	polymetric
P_1107	
P_111	
P_1110	Iamb_v
P_1111	
P_1112	
P_1115	
P_1116	
P_112	
P_1120	
P_1122	Iamb_v
P_1123	
P_1124	
P_1125	
P_1126	
P_1127	
P_1128	
P_113	
P_1130	
P_1131	
P_1132	Iamb_43
P_1133	Iamb_v
P_1134	
P_1135	
P_1136	Other
P_1137	
P_1138	
P_1139	
P_114	
P_1140	
P_1141	
P_1142	
P_1143	
P_1144	Iamb_v
P_1145	
P_1146	
P_1147	
P_1148	
P_1151	
P_1152	
P_1153	Iamb_664
P_1154	Iamb_54
P_1155	
P_1156	
P_1157	
P_1158	Iamb_v
P_1159	
P_116	
P_1160	
P_1161	
P_1162	
P_1163	Trochee_43
P_1164	Iamb_63
P_1165	
P_1166	
P_1167	
P_1168	Iamb_v
P_1169	
P_117	
P_1170	Iamb_v
P_1171	Iamb_v
P_1172	
P_1173	
P_1174	
P_1175	
P_1176	
P_1177	
P_1178	
P_1179	Other
P_118	
P_1180	
P_1181	
P_1182	Iamb_43
P_1183	
P_1184	
P_1185	
P_1186	
P_1187	
P_1188	
P_1189	
P_119	Iamb_v
P_1190	Other
P_1191	
P_1192	
P_1193	
P_1194	Amphibrach_43
P_1195	
P_1196	
P_1197	
P_1198	
P_1199	
P_12	
P_120	
P_1200	
P_1201	
P_1202	
P_1203	Iamb_v
P_1204	
P_1205	
P_1206	Iamb_6
P_1207	
P_1208	
P_1209	
P_121	
P_1210	
P_1211	
P_1212	
P_1213	
P_1214	Iamb_v
P_1215	
P_1216	Trochee_4
P_1217	Trochee_43
P_1218	
P_1219	
P_122	
P_1220	
P_1221	
P_1222	
P_1223	
P_1224	
P_1225	
P_1226	
P_1228	
P_1229	
P_123	
P_1230	
P_1231	
P_1232	
P_1233	
P_1234	
P_1235	
P_1236	
P_1237	
P_1238	
P_1239	
P_124	
P_1240	
P_1241	
P_1242	
P_1243	
P_1244	Trochee_44344343
P_1245	
P_1246	
P_1247	
P_1248	
P_1249	
P_125	
P_1250	
P_1251	
P_1252	
P_1253	
P_1254	Iamb_v
P_1255	
P_1256	
P_1257	
P_1258	
P_1259	
P_126	Iamb_53
P_1260	Iamb_v
P_1261	Iamb_v
P_1262	
P_1263	Iamb_v
P_1264	Iamb_4
P_1265	
P_1266	
P_1267	
P_1268	Iamb_v
P_1269	
P_127	
P_1270	Iamb_44442
P_1271	
P_1272	Iamb_v
P_1273	
P_1274	
P_1275	
P_1276	
P_1277	
P_1278	Iamb_v
P_1279	
P_128	
P_1280	
P_1281	
P_1282	Iamb_v
P_1283	
P_1284	
P_1285	
P_1286	Iamb_v
P_1287	
P_1288	
P_1289	
P_129	
P_1290	
P_1291	
P_1292	Iamb_v
P_1293	
P_1294	
P_1295	Iamb_v
P_1296	
P_1297	
P_1298	Iamb_v
P_1299	Iamb_v
P_13	
P_130	polymetric
P_1300	
P_1301	Iamb_v
P_1302	
P_1303	Iamb_43
P_1304	
P_1305	Iamb_4
P_1306	
P_1307	Iamb_v
P_1308	
P_1309	
P_131	
P_1310	Iamb_v
P_1311	
P_1312	
P_1313	Iamb_v
P_1314	
P_1315	
P_1316	Iamb_v
P_1317	
P_1318	
P_1319	Iamb_v
P_132	
P_1320	Iamb_v
P_1321	Iamb_v
P_1322	polymetric
P_1323	Iamb_v
P_1324	
P_1325	
P_1326	Iamb_v
P_1327	
P_1328	Iamb_v
P_1329	
P_133	
P_1330	
P_1331	Iamb_v
P_1332	
P_1333	
P_1334	Iamb_v
P_1335	
P_1336	
P_1337	
P_1338	
P_1339	Iamb_v
P_134	
P_1340	
P_1341	Iamb_v
P_1342	
P_1343	
P_1344	
P_1345	
P_1346	Iamb_v
P_1347	Iamb_v
P_1348	
P_1349	Other
P_135	
P_1350	
P_1351	Iamb_v
P_1352	Iamb_v
P_1353	
P_1354	
P_1355	Iamb_v
P_1356	
P_1357	Iamb_v
P_1358	
P_1359	Trochee_43
P_136	
P_1360	Iamb_v
P_1361	
P_1362	
P_1363	
P_1364	
P_1365	
P_1366	
P_1367	
P_1368	
P_1369	
P_137	polymetric
P_1370	
P_1371	
P_1372	Iamb_v
P_1373	
P_1374	Iamb_v
P_1375	Iamb_v
P_1376	
P_1377	Iamb_v
P_1378	Iamb_55554444
P_1379	Iamb_v
P_138	
P_1380	Iamb_v
P_1381	Iamb_v
P_1382	Iamb_v
P_1383	Iamb_v
P_1384	
P_1385	
P_1386	Iamb_v
P_1387	
P_1388	Iamb_v
P_1389	Iamb_v
P_139	
P_1390	
P_1391	
P_1392	Iamb_v
P_1393	
P_1394	
P_1395	Iamb_v
P_1396	
P_1397	Iamb_v
P_1398	
P_1399	
P_14	
P_140	
P_1400	Iamb_v
P_1401	
P_1402	Iamb_v
P_1403	Iamb_v
P_1405	
P_1406	
P_1407	
P_1408	Iamb_v
P_1409	Iamb_v
P_141	
P_1410	Dactyl_4
P_1411	Iamb_v
P_1412	
P_1413	
P_1414	Iamb_v
P_1415	Iamb_v
P_1416	Iamb_v
P_1417	
P_1418	Iamb_v
P_1419	Iamb_v
P_142	
P_1420	Iamb_v
P_1421	Iamb_v
P_1423	Iamb_v
P_1424	
P_1425	Iamb_v
P_1426	Iamb_v
P_1427	
P_1428	
P_1429	
P_1430	
P_1431	Iamb_v
P_1432	Iamb_v
P_1433	
P_1434	
P_1435	Iamb_v
P_1436	
P_1437	
P_1438	
P_1439	
P_144	
P_1440	
P_1441	
P_1442	
P_1443	
P_1444	
P_1445	Iamb_v
P_1446	
P_1447	
P_1448	Iamb_v
P_1449	
P_145	
P_1450	
P_1451	
P_1452	Iamb_43
P_1453	
P_1454	Other
P_1455	Iamb_v
P_1456	Iamb_42
P_1457	
P_1458	Iamb_v
P_1459	
P_146	
P_1460	
P_1461	
P_1462	Iamb_v
P_1463	
P_1464	
P_1465	Iamb_v
P_1466	
P_1467	Iamb_v
P_1468	
P_1469	
P_147	Iamb_v
P_1470	Iamb_v
P_1471	
P_1472	Iamb_v
P_1473	Iamb_v
P_1474	Iamb_v
P_1475	Iamb_v
P_1476	
P_1477	
P_1478	Iamb_v
P_1479	
P_148	Trochee_4
P_1480	Iamb_v
P_1481	
P_1484	
P_1485	
P_1486	Iamb_v
P_1487	
P_1488	Iamb_v
P_1489	
P_149	
P_1490	
P_1491	Iamb_v
P_1492	
P_1493	
P_1494	Iamb_v
P_1495	
P_1496	Iamb_v
P_1497	
P_1498	
P_1499	Iamb_v
P_15	
P_150	Iamb_v
P_1500	
P_1501	polymetric
P_1502	
P_1503	Iamb_v
P_1504	
P_1505	
P_1506	
P_1507	
P_1508	
P_1509	Iamb_v
P_151	polymetric
P_1510	
P_1511	Iamb_v
P_1512	
P_1513	
P_1514	Iamb_v
P_1515	
P_1516	
P_1517	
P_1518	
P_1519	
P_152	
P_1520	Other
P_1521	
P_1522	
P_1523	Anapest_2
P_1524	
P_1525	
P_1526	
P_1527	
P_1528	
P_1529	
P_153	Amphibrach_434344
P_1530	Iamb_5
P_1531	
P_1532	Anapest_223
P_1533	Other
P_1534	
P_1535	Iamb_v
P_1536	
P_1537	Iamb_v
P_1538	
P_1539	
P_154	
P_1540	Iamb_v
P_1541	Iamb_v
P_1542	polymetric
P_1543	
P_1544	
P_1545	
P_1546	Iamb_v
P_1547	
P_1548	
P_1549	
P_155	
P_1550	
P_1551	Iamb_v
P_1553	
P_1554	
P_1556	
P_1557	
P_1558	
P_1559	
P_156	
P_1560	
P_1561	
P_1562	
P_1563	
P_1564	
P_1565	
P_1566	
P_1567	
P_1568	
P_1569	
P_157	polymetric
P_1570	
P_1571	
P_1572	
P_1573	
P_1574	
P_1575	
P_1576	
P_1577	
P_1578	
P_1579	polymetric
P_158	
P_1580	
P_1581	
P_1582	
P_1583	Iamb_v
P_1584	
P_1585	
P_1587	
P_1588	
P_1589	polymetric
P_159	
P_1590	
P_1591	
P_1592	
P_1593	
P_1594	Iamb_4
P_1595	
P_1596	
P_1597	Trochee_43
P_1598	
P_1599	
P_16	Iamb_v
P_160	
P_1600	
P_1601	
P_1602	
P_1603	
P_1604	
P_1605	
P_1606	
P_1607	
P_1608	Iamb_v
P_1609	
P_1610	
P_1611	
P_1612	
P_1613	
P_1614	polymetric
P_1615	Iamb_64
P_1616	
P_1617	
P_1618	
P_1619	
P_162	
P_1620	
P_1621	
P_1622	
P_1623	Iamb_v
P_1624	Iamb_v
P_1625	
P_1626	Iamb_v
P_1627	Iamb_v
P_1628	
P_1629	
P_163	Iamb_v
P_1630	
P_1631	Trochee_v
P_1632	
P_1633	Iamb_v
P_1634	
P_1635	
P_1636	
P_1637	
P_1638	
P_1639	
P_164	
P_1640	
P_1641	
P_1642	Iamb_43
P_1643	
P_1644	
P_1645	Trochee_4443
P_1646	
P_1647	
P_1648	
P_1649	
P_165	
P_1651	
P_1652	
P_1653	
P_1654	
P_1655	Iamb_v
P_1656	
P_1657	
P_1658	
P_166	polymetric
P_1661	
P_1662	
P_1663	
P_1664	
P_1665	
P_1666	
P_1667	
P_1668	
P_1669	
P_167	
P_1670	
P_1671	
P_1672	
P_1673	
P_1674	Iamb_6
P_1675	
P_1676	
P_1677	
P_1678	
P_1679	
P_168	
P_1680	
P_1681	
P_1682	Trochee_43
P_1683	
P_1684	Iamb_64
P_1685	
P_1686	
P_1687	Amphibrach_42
P_1688	
P_1689	
P_169	polymetric: Iamb_4 + Anapest_2
P_1690	Iamb_v
P_1691	
P_1692	
P_1693	
P_1694	
P_1695	Iamb_64
P_1696	
P_1697	
P_1698	Iamb_v
P_1699	
P_17	
P_170	
P_1700	Iamb_43
P_1701	
P_1702	
P_1703	
P_1704	Iamb_v
P_1705	
P_1706	
P_1707	
P_1708	
P_1709	Iamb_v
P_171	polymetric
P_1711	
P_1712	
P_1713	
P_1714	polymetric
P_1715	polymetric
P_1716	
P_1717	
P_1718	
P_1719	
P_172	Amphibrach_43
P_1720	
P_1721	
P_1722	
P_1723	
P_1724	
P_1725	
P_1726	
P_1727	
P_1728	
P_1729	Trochee_4
P_173	
P_1730	
P_1731	
P_1732	
P_1733	
P_1734	Amphibrach_43
P_1735	
P_1736	Iamb_65
P_1737	
P_1738	
P_1739	
P_174	
P_1740	polymetric
P_1741	Iamb_v
P_1742	
P_1743	
P_1744	
P_1745	Iamb_5445
P_1746	
P_1747	
P_1748	
P_1749	
P_175	polymetric
P_1750	Amphibrach_5354
P_1751	Trochee_84
P_1752	Amphibrach_43
P_1753	
P_1754	Iamb_43
P_1755	Iamb_v
P_1756	
P_1757	Amphibrach_43
P_1758	Amphibrach_43
P_1759	
P_176	
P_1760	Amphibrach_43
P_1761	
P_1762	
P_1763	Amphibrach_43
P_1764	
P_1765	
P_1766	
P_1767	polymetric
P_1768	
P_1769	Iamb_v
P_177	
P_1770	
P_1771	
P_1772	Iamb_v
P_1773	
P_1774	
P_1775	
P_1776	
P_1777	
P_1778	polymetric
P_1779	
P_178	
P_1780	
P_1781	
P_1782	
P_1783	
P_1784	
P_1785	
P_1786	Iamb_v
P_1787	
P_1788	
P_1789	
P_179	
P_1790	Iamb_43
P_1791	
P_1792	
P_1793	
P_1794	
P_1795	
P_1796	
P_1797	Other
P_1798	
P_1799	
P_18	
P_180	Iamb_43
P_1800	
P_1801	
P_1802	
P_1803	
P_1804	
P_1805	
P_1806	
P_1807	
P_1808	
P_1809	
P_181	
P_1810	
P_1811	
P_1812	
P_1813	Amphibrach_43
P_1814	Iamb_43
P_1815	
P_1816	
P_1817	
P_1818	
P_1819	
P_182	
P_1820	
P_1821	
P_1822	
P_1823	Trochee_4
P_1824	Iamb_v
P_1825	
P_1826	
P_1827	
P_1828	Iamb_v
P_1829	
P_1830	
P_1831	
P_1832	
P_1833	
P_1834	
P_1835	
P_1836	
P_1837	
P_1838	
P_1839	
P_184	
P_1840	
P_1841	
P_1842	
P_1843	
P_1844	
P_1845	Iamb_v
P_1846	Iamb_v
P_1847	
P_1848	
P_1849	Iamb_444455554224
P_185	Iamb_v
P_1850	polymetric
P_1851	
P_1852	
P_1853	
P_1854	
P_1855	
P_1856	
P_1857	
P_1858	
P_1859	
P_1860	
P_1861	
P_1862	
P_1863	
P_1864	
P_1865	
P_1866	Iamb_63
P_1867	
P_1868	
P_1869	
P_187	
P_1870	
P_1871	
P_1872	
P_1873	
P_1874	
P_1875	
P_1876	
P_1877	Iamb_v
P_1878	
P_1879	
P_188	
P_1880	
P_1881	
P_1882	Other
P_1883	
P_1884	
P_1885	Iamb_v
P_1886	
P_1887	Iamb_v
P_1888	
P_1889	
P_1890	
P_1891	
P_1892	
P_1893	
P_1894	Iamb_v
P_1895	
P_1896	
P_1897	
P_1898	
P_1899	
P_19	
P_190	
P_1900	Iamb_53
P_1901	
P_1902	
P_1903	
P_1904	
P_1905	
P_1906	
P_1907	
P_1908	Iamb_v
P_1909	
P_191	
P_1910	
P_1911	
P_1912	
P_1913	Amphibrach_43
P_1914	
P_1915	Iamb_645464666
P_1916	Iamb_v
P_1917	
P_1918	Iamb_v
P_1919	
P_1920	Iamb_v
P_1921	
P_1922	
P_1923	
P_1924	Iamb_v
P_1925	
P_1926	
P_1927	Iamb_v
P_1928	
P_1929	
P_193	
P_1930	Trochee_43
P_1931	Iamb_v
P_1932	Iamb_v
P_1933	
P_1934	Iamb_v
P_1935	Amphibrach_42
P_1936	
P_1937	Amphibrach_43
P_1938	
P_1939	polymetric
P_1940	
P_1941	
P_1942	polymetric
P_1943	Iamb_v
P_1944	
P_1945	
P_1946	
P_1947	
P_1948	
P_1949	
P_1950	polymetric
P_1951	
P_1952	Amphibrach_43
P_1953	Amphibrach_434344
P_1954	
P_1955	
P_1956	polymetric
P_1957	
P_1958	
P_1959	
P_1960	polymetric
P_1961	
P_1962	
P_1963	
P_1964	
P_1965	
P_1966	Amphibrach_43
P_1967	
P_1968	
P_1969	
P_198	
P_199	
P_2	
P_20	
P_200	Other
P_201	
P_202	
P_203	
P_204	
P_205	
P_206	
P_207	
P_208	
P_209	
P_21	
P_210	Iamb_v
P_211	
P_212	polymetric
P_213	
P_214	
P_215	Iamb_v
P_216	
P_217	Anapest_2
P_218	
P_219	Iamb_43
P_22	
P_220	Other
P_221	
P_222	polymetric
P_223	polymetric
P_224	
P_225	
P_226	Iamb_v
P_227	
P_228	
P_229	
P_23	
P_230	
P_231	
P_232	
P_233	
P_234	
P_235	Other
P_236	
P_237	
P_238	
P_239	
P_24	
P_240	
P_241	
P_242	
P_243	
P_244	
P_245	Iamb_65
P_246	
P_247	
P_248	
P_249	
P_25	
P_250	Iamb_v
P_251	
P_252	
P_253	
P_254	polymetric
P_255	
P_256	Iamb_v
P_257	
P_258	
P_259	
P_26	
P_260	Iamb_v
P_261	Iamb_v
P_262	Iamb_v
P_263	
P_264	
P_265	
P_266	
P_267	
P_268	
P_269	
P_27	
P_270	
P_271	
P_272	
P_273	
P_274	
P_275	
P_276	
P_277	
P_278	polymetric
P_279	Amphibrach_43
P_28	
P_280	
P_281	
P_282	
P_283	
P_284	Iamb_v
P_285	
P_286	
P_287	
P_288	
P_289	
P_29	
P_290	
P_291	
P_292	
P_293	
P_294	Dactyl_43
P_295	
P_296	
P_297	
P_298	Iamb_62
P_299	
P_3	
P_30	
P_300	
P_301	
P_302	
P_303	
P_304	
P_305	
P_306	
P_307	
P_308	
P_309	
P_31	
P_310	
P_311	
P_312	Iamb_63
P_313	
P_314	
P_315	
P_316	
P_317	polymetric
P_318	Iamb_v
P_319	
P_32	
P_320	Iamb_v
P_321	
P_322	
P_323	
P_324	
P_325	
P_326	
P_327	
P_328	
P_329	
P_33	polymetric
P_330	
P_331	
P_332	
P_333	
P_334	
P_335	
P_336	polymetric
P_337	polymetric
P_338	polymetric
P_339	polymetric
P_34	
P_340	
P_341	
P_342	
P_343	
P_344	
P_345	Other
P_346	Iamb_v
P_347	
P_348	
P_349	Trochee_43
P_35	
P_350	
P_351	
P_352	
P_353	polymetric
P_354	
P_355	
P_356	
P_357	
P_358	Iamb_43
P_359	
P_36	
P_360	
P_361	polymetric
P_363	
P_364	
P_365	
P_366	
P_367	Iamb_v
P_368	
P_369	Iamb_v
P_37	
P_370	
P_371	
P_372	Amphibrach_5
P_373	Trochee_84
P_374	Amphibrach_43
P_375	Other
P_376	
P_377	
P_378	Iamb_43434433
P_379	
P_38	
P_380	
P_381	
P_382	
P_384	
P_385	
P_386	
P_387	
P_388	
P_389	
P_39	
P_390	
P_391	
P_392	Iamb_v
P_393	Iamb_v
P_394	
P_395	
P_396	
P_397	
P_398	
P_399	
P_4	
P_40	
P_400	
P_401	
P_402	
P_403	
P_404	
P_405	Iamb_5662
P_406	
P_407	
P_408	
P_409	
P_41	
P_410	
P_411	Iamb_v
P_412	
P_413	
P_414	
P_415	Iamb_v
P_416	
P_417	
P_418	Iamb_v
P_419	Iamb_v
P_42	
P_420	
P_421	
P_422	
P_423	
P_424	
P_425	
P_426	
P_427	
P_428	
P_429	
P_43	Amphibrach_43
P_430	Iamb_v
P_431	
P_432	
P_433	
P_434	
P_435	
P_436	
P_437	
P_438	
P_439	
P_44	
P_440	
P_441	
P_442	
P_443	
P_444	Iamb_v
P_445	Other
P_446	
P_447	
P_448	
P_449	
P_45	
P_450	
P_451	
P_452	
P_453	Trochee_v
P_454	
P_455	
P_456	
P_457	
P_458	Iamb_v
P_459	
P_46	
P_460	
P_461	Trochee_43
P_462	Iamb_6
P_463	
P_464	Amphibrach_3344
P_465	
P_466	
P_467	
P_468	
P_469	
P_47	
P_470	Iamb_v
P_471	
P_472	
P_473	
P_474	
P_475	
P_476	
P_477	Other
P_478	Other
P_479	
P_48	
P_480	
P_481	
P_482	
P_483	
P_484	
P_485	Iamb_6
P_486	
P_487	
P_488	
P_489	
P_49	
P_490	
P_491	Iamb_v
P_492	
P_493	
P_494	
P_495	Trochee_43
P_496	Iamb_v
P_497	
P_498	
P_499	
P_50	
P_500	
P_501	
P_502	
P_503	
P_504	
P_505	Iamb_42
P_506	
P_507	polymetric
P_508	Other
P_509	
P_51	
P_510	
P_511	
P_512	
P_513	
P_514	
P_515	
P_516	
P_517	
P_518	
P_519	
P_52	
P_520	
P_521	
P_522	
P_523	
P_524	
P_525	
P_526	Iamb_v
P_527	
P_528	
P_529	
P_53	
P_530	
P_531	
P_532	
P_533	
P_534	
P_535	
P_536	
P_537	
P_538	
P_539	
P_54	
P_540	Iamb_v
P_541	Iamb_v
P_542	
P_543	
P_544	
P_545	
P_546	Iamb_v
P_547	Iamb_v
P_548	Iamb_v
P_549	
P_55	
P_550	
P_551	
P_552	
P_553	
P_554	Amphibrach_43
P_555	
P_556	
P_557	
P_558	
P_559	
P_56	
P_560	
P_561	Amphibrach_443344
P_562	
P_563	
P_564	
P_565	
P_566	
P_567	Trochee_43
P_568	Iamb_v
P_569	
P_57	
P_570	
P_571	
P_572	
P_573	
P_574	Iamb_52
P_575	
P_576	
P_577	
P_578	
P_579	
P_58	
P_580	Amphibrach_43
P_581	
P_582	
P_583	
P_584	Iamb_v
P_585	
P_586	
P_587	Iamb_v
P_588	
P_59	Iamb_v
P_590	
P_591	
P_592	
P_593	
P_594	Dactyl_6
P_595	Iamb_v
P_596	
P_597	
P_598	
P_599	
P_60	Iamb_v
P_600	
P_601	
P_602	
P_603	
P_604	
P_605	
P_606	
P_607	
P_608	polymetric
P_609	Iamb_52
P_61	
P_610	
P_611	
P_612	Iamb_v
P_613	
P_614	
P_615	
P_616	
P_617	
P_618	
P_619	
P_62	
P_620	
P_621	
P_622	
P_623	Iamb_v
P_624	
P_625	
P_626	
P_627	Amphibrach_43
P_628	
P_629	
P_63	
P_630	
P_631	
P_632	Iamb_v
P_633	
P_634	
P_635	
P_636	
P_637	
P_638	
P_639	
P_64	Iamb_v
P_640	
P_641	
P_642	polymetric
P_643	
P_644	
P_645	Dactyl_6
P_646	
P_647	
P_648	
P_649	
P_65	Iamb_v
P_650	Trochee_4
P_651	
P_652	
P_653	Iamb_v
P_654	
P_655	Iamb_v
P_656	
P_657	
P_658	Iamb_4
P_659	
P_66	Iamb_v
P_660	
P_661	
P_662	
P_663	
P_664	
P_665	
P_666	
P_667	Iamb_v
P_668	Iamb_52
P_669	
P_67	
P_670	
P_671	
P_672	
P_673	
P_674	
P_675	Amphibrach_43
P_676	Iamb_4
P_677	
P_678	
P_679	
P_68	
P_680	
P_681	
P_682	
P_683	
P_684	Other
P_685	
P_686	Iamb_v
P_687	
P_688	
P_689	
P_69	
P_690	
P_691	
P_692	
P_693	Other
P_694	
P_695	
P_696	
P_697	
P_698	Iamb_4
P_699	
P_7	
P_70	
P_700	
P_701	
P_702	
P_703	Iamb_v
P_704	
P_705	
P_706	
P_707	
P_708	
P_709	
P_71	Amphibrach_43
P_710	
P_711	
P_712	
P_713	
P_714	Trochee_5
P_715	
P_716	
P_717	
P_718	
P_719	
P_72	Iamb_6666335
P_720	
P_721	
P_722	
P_723	
P_724	
P_725	
P_726	
P_727	
P_728	
P_729	
P_73	Iamb_v
P_730	
P_731	polymetric
P_732	
P_733	Iamb_v
P_734	
P_735	
P_736	
P_737	
P_738	
P_739	Iamb_v
P_74	
P_740	
P_741	
P_742	
P_743	
P_744	Iamb_v
P_745	Iamb_v
P_746	
P_747	
P_748	Iamb_v
P_749	
P_75	
P_750	Iamb_v
P_751	
P_752	
P_753	
P_754	Iamb_64
P_755	Iamb_v
P_756	
P_757	
P_758	
P_759	Iamb_v
P_76	
P_760	
P_761	
P_762	Iamb_v
P_763	
P_764	
P_765	Other
P_766	
P_767	
P_768	
P_769	
P_77	
P_770	
P_771	
P_772	
P_773	
P_774	Trochee_4
P_775	
P_776	Iamb_v
P_777	Iamb_64
P_778	
P_779	
P_78	Iamb_v
P_780	
P_781	
P_788	
P_79	
P_798	
P_799	
P_8	
P_80	Trochee_54
P_800	
P_801	Iamb_v
P_802	
P_803	
P_804	
P_805	
P_806	
P_807	
P_808	Trochee_84
P_809	
P_81	
P_810	
P_811	
P_812	
P_813	Trochee_4
P_814	Other
P_815	
P_816	
P_817	
P_818	
P_819	
P_82	
P_825	
P_826	
P_827	
P_828	
P_829	
P_83	Dactyl_5
P_830	
P_831	
P_832	
P_833	Iamb_v
P_834	
P_835	
P_836	
P_837	Iamb_v
P_838	Iamb_v
P_839	
P_84	
P_840	
P_841	
P_842	Iamb_6664
P_843	polymetric
P_844	
P_845	
P_846	
P_847	Iamb_v
P_848	
P_849	
P_85	Trochee_442222242
P_850	
P_851	
P_852	
P_853	
P_854	
P_855	
P_856	
P_857	Other
P_858	Trochee_223
P_859	
P_86	Iamb_v
P_860	
P_861	Iamb_v
P_862	
P_863	
P_864	
P_865	
P_866	Iamb_64
P_867	
P_868	
P_869	
P_87	Other
P_870	
P_871	
P_872	
P_873	
P_874	
P_875	
P_876	
P_877	
P_878	
P_879	
P_88	
P_880	
P_881	
P_882	
P_883	
P_884	Iamb_5554
P_885	Iamb_v
P_886	
P_887	
P_888	
P_889	
P_890	
P_891	Other
P_892	
P_893	
P_894	
P_895	
P_896	Iamb_v
P_897	
P_898	Iamb_v
P_899	
P_9	Iamb_v
P_900	
P_901	
P_902	
P_903	
P_904	
P_905	
P_906	
P_907	
P_908	
P_909	
P_91	
P_910	
P_911	
P_912	
P_913	
P_914	
P_915	
P_916	
P_917	
P_918	
P_919	
P_92	Iamb_434344
P_920	
P_921	
P_922	Amphibrach_4552
P_923	
P_924	
P_925	Amphibrach_43
P_926	
P_927	Iamb_v
P_928	Iamb_v
P_929	
P_93	
P_930	
P_931	polymetric
P_932	Iamb_54
P_933	
P_934	
P_935	
P_936	
P_937	
P_938	
P_939	
P_94	
P_940	
P_941	
P_942	
P_943	
P_944	
P_945	
P_946	Iamb_v
P_947	
P_948	
P_949	Iamb_v
P_95	
P_950	Iamb_4
P_951	
P_953	
P_954	
P_955	
P_956	Iamb_v
P_957	
P_958	
P_959	
P_96	
P_960	
P_961	
P_962	
P_963	Iamb_v
P_965	
P_966	
P_967	Iamb_444433
P_968	
P_969	
P_97	Iamb_v
P_970	
P_971	
P_972	
P_973	Amphibrach_43
P_974	
P_975	
P_976	
P_977	
P_978	
P_979	Iamb_v
P_98	
P_980	Iamb_v
P_981	
P_982	
P_983	
P_984	
P_985	
P_986	
P_987	
P_988	
P_989	
P_990	Iamb_5
P_991	Other
P_992	Iamb_v
P_993	
P_994	
P_995	
P_996	
P_997	
P_998	Iamb_v
P_999	