;Unnamed..0;found;path;author;created;formula;header;text_raw
1;1434;да;xix/1830/1830-397;А. В. Тимофеев;1830-1833;Я4м;Мизантроп : «Не удивляйся, милый мой...»;"Не удивляйся, милый мой, 
 Что я угрюмый и немой, 
 Среди забав, во цвете лет, 
 Смотрю так холодно на свет!


Одним приемом выпил я 
 Всю чашу сладкого питья, 
 И на холодном, мутном дне 
 Одна лишь желчь осталась мне.


Одним ударом я разбил 
 Картину счастья, и без сил, 
 С разочарованной душой 
 Упал, подавленный судьбой.


Но уж очнулся, милый мой, 
 С душой капризной и больной; 
 И ей смешны с тех пор и рок, 
 И добродетель, и порок.


"
2;1435;да;xix/1830/1830-398;А. В. Тимофеев;1830-1833;Ан2м;Простодушный : «Говорят, есть страна...»;"Говорят, есть страна, 
 Где не сеют, не жнут, 
 Где всё песни поют.


Где мужья видят жен 
 В месяц раз, много -- два, 
 Где всё песня одна...


Где живут так и сяк, 
 Чтоб блеснуть, да пожить, 
 Да поесть, да попить.


Где умен, кто силен, 
 Где отцы -- чудаки; 
 Где все носят очки.


Где есть всё напрокат! 
 И друзья, и жена, 
 И парча, и родня.


Где всё лезет, ползет 
 Тихомолком,тайком, 
 Всё бочком, червячком.


Где сквозь солнце льет дождь, 
 Где всегда маскарад: 
 Пой, пляши -- рад не рад.


Где ж она, та страна, 
 Где не сеют, не жнут, 
 Всё поют да ползут?


"
3;1436;да;xix/1830/1830-399;А. В. Тимофеев;1830-1833;Х4д;Тоска по отчизне : «Ах вы, ветры, ветры буйные...»;"Ах вы, ветры, ветры буйные, 
 Ветры буйные, залетные, 
 Принесите вы мне весточку 
 От родной моей сторонушки! 
 Там так ярко солнце красное, 
 Там свежи луга зеленые, 
 Там родная Волга-матушка, 
 Там звучна так песнь разгульная!


Скучно, душно, ветры буйные, 
 Жить в темнице разукрашенной,


Видеть небо всё туманное, 
 Слышать песни всё зловещие. 
 Всюду светит солнце красное, 
 Есть повсюду люди добрые, 
 Но нигде нет другой родины, 
 Нет нигде ее радушия.


Разнесите, ветры буйные, 
 Грусть-тоску мою, кручинушку, 
 Успокойте сердце бедное, -- 
 Всё изныло в злой неволюшке. 
 Так и рвется горемышное! 
 Скучно, горько на чужбине жить! 
 Посмотрел бы хоть на родину, 
 Хоть взглянул бы на родимый кров.


"
4;1437;да;xix/1830/1830-400;А. В. Тимофеев;1830-1833;Я4жм;Пловец : «Лети, челнок мой легкокрылый...»;"Лети, челнок мой легкокрылый, 
 Куда судьба тебя влечет; 
 Сквозь мрак полуночи унылой, 
 Быть может, звездочка мелькнет…


Быть может, там -- в дали туманной -- 
 Тебя твой день желанный ждет, 
 И над страною безымянной 
 Родное солнышко взойдет.


Лети, лети, мой легкокрылый, 
 Куда судьба тебя влечет! 
 Среди полуночи унылой, 
 Быть может, час твой уже бьет!


"
5;1438;да;xix/1830/1830-401;А. В. Тимофеев;1834;"Х2ж; Х4м";Колыбельная песенка : «Спи, малютка...»;"Спи, малютка, 
 Спи спокойно, 
 Баю-баиньки-баю!


В темной роще 
 Есть могила; 
 В мрачном лесе 
 Есть другая. 
 В темной роще 
 Стонет голубь; 
 В черном лесе 
 Воют совы. 
 Пусто, тихо 
 В роще темной; 
 Мрачно, дико 
 В лесе черном.


Спи, малютка, 
 Спи спокойно, 
 Баю-баиньки-баю!


Жили-были 
 Брат с сестрою. 
 Демон в брата 
 Поселился; 
 Брат в сестрицу 
 Вдруг влюбился. 
 Клара с братом 
 Разлучилась; 
 Клара в келью 
 Заключилась.


Спи, малютка, 
 Спи спокойно, 
 Баю-баиньки-баю!


Страшно в полночь 
 Выла буря, 
 Вихрь бил в ставни, 
 Дождь лил ливмя; 
 Чудно, страшно 
 Каркал ворон, 
 Страшно, шумно 
 Было в поле; 
 Шумно, чудно 
 Было в келье.


Спи, малютка, 
 Спи спокойно, 
 Баю-баиньки-баю!


В темной роще 
 Через утро 
 Появились 
 Крест с могилой. 
 В мрачном лесе 
 Через месяц 
 Путник встретил 
 Труп холодный. 
 Труп был черен, 
 Уголь углем; 
 Вместо носа 
 Кость да яма, 
 Рот исклеван 
 Ястребами; 
 Лоб источен 
 Весь червями; 
 Возле трупа 
 Нож булатный...


Спи, малютка, 
 Спи спокойно, 
 Баю-баиньки-баю!


"
6;1439;да;xix/1830/1830-402-1;А. В. Тимофеев;1834;Ан2ж # Аф2ж;Свадьба : «Нас венчали не в церкви...»;"Нас венчали не в церкви, 
 Не в венцах, не с свечами; 
 Нам не пели ни гимнов, 
 Ни обрядов венчальных!


Венчала нас полночь 
 Средь мрачного бора; 
 Свидетелем были 
 Туманное небо 
 Да тусклые звезды; 
 Венчальные песни 
 Пропел буйный ветер 
 Да ворон зловещий; 
 На страже стояли 
 Утесы да бездны, 
 Постель постилали 
 Любовь да свобода!..


Мы не звали на праздник 
 Ни друзей, ни знакомых; 
 Посетили нас гости 
 По своей доброй воле!


Всю ночь бушевали 
 Гроза и ненастье; 
 Всю ночь пировали 
 Земля с небесами; 
 Гостей угощали 
 Багровые тучи. 
 Леса и дубравы 
 Напились допьяна, 
 Столетние дубы 
 С похмелья свалились; 
 Гроза веселилась 
 До позднего утра.


Разбудил нас не свекор, 
 Не свекровь, не невестка, 
 Не неволюшка злая -- 
 Разбудило нас утро!


Восток заалелся 
 Стыдливым румянцем; 
 Земля отдыхала 
 От буйного пира; 
 Веселое солнце 
 Играло с росою; 
 Поля разрядились 
 В воскресное платье; 
 Леса зашумели 
 Заздравного речью; 
 Природа в восторге, 
 Вздохнув, улыбнулась...


"
7;1440;;xix/1830/1830-402-2;А. В. Тимофеев;1834;"Я4ж,м; Я1,3ж, Я5м # Х4дм";(Из пьесы «Поэт») : «Я сотворю тебя владыкой...»;"Я сотворю тебя владыкой, 
 Царем и неба, и земли; 
 Отдам все царства, и народы 
 Тебя почтут, как божество. 
 Ты станешь выше человека, 
 В своей душе вместишь весь свет! 
 Я дам тебе святую силу 
 С природой сердцем говорить, 
 В сердцах людей читать, как в книге, 
 И понимать добро и зло; 
 Я дам тебе целебный бальзам 
 От всех несчастий и невзгод, 
 Раскрою таинства природы, 
 Вручу златой, волшебный жезл -- 
 И одичалую пустыню 
 Ты превратишь в небесный рай, 
 Огонь -- в студеный ключ, чертоги -- 
 В безвестный, мрачный, душный гроб! 
 Смотри, какой хаос в природе, -- 
 Вой ветра, грохот, блеск, гроза. 
 Вихрь гонит вихрь и гром за громом; 
 Светло, как в полдень, жжет глаза!.. 
 Всё стонет, в ужасе дрожит... 
 То бог с вселенной говорит!.. 
 Как этот бог великий, грозный, 
 Ты станешь с миром говорить! 
 И твой язык, досель ничтожный, 
 В душе людей, как божий глас, 
 Кипящим звуком отзовется...


Ты отвергаешь чашу жизни, 
 Святой, божественный фиал! 
 Дитя, напуганное громом! 
 Ты позабыл, что без него 
 И солнце летнее -- зараза, 
 Что вы живете разрушеньем, 
 Что и душа, небесный цвет, 
 Есть только вечная могила... 
 Да! И в душе страсть губит страсть, 
 Одно желание -- другое, 
 Надежда -- горе, горе -- смех; 
 Мысль тонет в мысли, чувство в чувстве.., 
 От жизни к смерти -- только шаг! 
 Жизнь без поэзии -- пустыня, 
 Холодный остов без души, 
 Добыча жалкая расчетов, 
 Огонь без света...


Жизнь без поэзии -- пустыня, 
 Изъеденный червями труп. 
 Но что ж поэзия, злой демон, 
 Твой расхваленный дар небес? 
 Всё тот же остов на ходулях, 
 Под галванизмом -- тот же труп! 
 Оставь меня!


Оставь, оставь меня, мой Гений! 
 Не чад волшебных вдохновений, 
 Не ты, не жизнь наскучили мне... Нет! 
 Я сам себе наскучил -- я, весь свет. 
 Земля и небо!.. Жизни сладость 
 Не соблазнит меня. Я жил. 
 Жизнь давит в гроб меня! Мне душно 
 Под этим сводом неба. Да! 
 Я весь разрушился; уснули 
 Желанья, воля, вся душа... 
 Осталось только чувство жизни, 
 Одно слепое чувство…


Какой же искрой можешь ты 
 Зажечь усопшие мечты! 
 Каким волшебным вдохновеньем 
 Ты оживишь холодный труп! 
 Нет, нет! Оставь меня, мой Гений! 
 Я изнемог для вдохновений! 
 Я сам не чувствую себя! 
 В глазах темно, в душе темнее... 
 На сердце камень, ум заглох, 
 В ушах то гул колоколов, 
 То вдруг могильное молчанье... 
 Отвсюду веет пустотой, 
 В ногах свинец, во всем хлад смерти. 
 О, этот камень во сто крат 
 Счастливее меня... Он -- камень! 
 А я... я чувствую, живу, 
 Томлюсь, дышу, смотрю, страдаю; 
 Хочу понять... не понимаю! 
 Хочу рассеяться... нет сил! 
 Хочу желать -- и нет желаний!.. 
 И день и ночь влачу, как груз, 
 Свое безжизненное тело... 
 Один, как бог, во всей вселенной, 
 И то в оковах!


Ты сам в сетях теперь, мой Гений! 
 Ты уничтожил сам себя! 
 Благоговеть!.. Пред чем? Пред глиной, 
 Перед работою детей! 
 Дитя -- во всем дитя: в желаньях, 
 В страстях, в душе, в уме, в делах. 
 Что может вылиться из чаши, 
 Налитой мутною водой? 
 Какого золота дождешься 
 От самохвала кузнеца, 
 Весь век кующего железо? 
 Чего великого искать 
 В ничтожных замыслах пигмеев, 
 В делах бессмысленных детей, 
 Когда в их лучшем, божьем храме -- 
 В душе, зародыше их дел, -- 
 Нет ни величия, ни жизни! 
 Когда вся их душа, вся жизнь 
 Лишь только рабство, цепь желаний, 
 Лишь только мелочный расчет 
 С скупой судьбою! / «Пирамиды!..» 
 Что в пирамидах я найду? 
 Кичливость гордого владыки, 
 Безумный труд, кровавый пот, 
 Бряцанье заступа и цепи! 
 Пред чем же тут благоговеть? 
 Не пред бездушными ль камнями, 
 Нагроможденными горой? 
 Иль пред искусством? В птичьих гнездах 
 Искусства больше, чем во всех 
 На этом свете пирамидах! 
 «Величье Рима! Славный Рим!..» 
 Опять всё те же пирамиды, 
 Опять всё тот же новый блеск! 
 «Величье Рима» -- притесненья, 
 Разбой, пожары, грабежи... 
 А «слава Рима» -- бич вселенной, 
 Гроза бессмысленных врагов! 
 Давно ли ужас стал великим? 
 Давно ль с отчаяньем в душе, 
 Со злобой в сердце, с правом мщенья 
 Все от великого бегут! 
 Ты б показал твой Рим державный 
 Им разоренным городам!.. 
 Тот низкий трус, кто б в униженьи 
 Пред ним колена преклонил! 
 А что ж теперь величье Рима, 
 Что весь твой славный, грозный Рим? 
 Кладбище, царская порфира 
 В пыли, заплатах и дырах!


Я покажу тебе всю землю!


И что ж увижу? Черный шар, 
 Покрытый дрязгом и червями. 
 Где есть один хоть человек, 
 Там нет великого, мой Гений!


Ты в заблуждении, Поэт!


Со всех сторон седая мгла!.. 
 Толпа нестройных привидений.., 
 Какой-то новый, чудный мир 
 Без света, без границ, без звуков -- 
 Мир беспредельной пустоты! 
 Я в нем и бог, и прах ничтожный; 
 Он часть меня, и я весь в нем...


Долой, долой, земное тело! 
 Воспрянь, владычествуй, душа! 
 Ко мне, ко мне, мой мощный Гений! 
 Ты победил, -- я снова твой. 
 Нас ждет великое: предвечный, 
 Необработанный хаос! 
 Мы воззовем его в пределы, 
 Вдохнем начало бытия, 
 Осветим новым светлым солнцем, 
 Дадим красавицу луну, 
 Совокупим все наслажденья 
 И создадим волшебный мир -- 
 Мир, полный жизни и довольства, 
 И без судьбы, и без конца! 
 Мир идеальный совершенства, 
 Венец, достойнейший творца!


Куда влечешь меня, мой Гений? .. 
 Мы пролетели целый свет. 
 Земля и звезды -- всё под нами, 
 И даже солнце... Мы одни 
 Под этим черным, страшным небом. 
 Кругом глухая пустота!.. 
 Еще далёко ль?


О, ближе, ближе!.. К самой цели! 
 Чтоб каждый знак мой, каждый вздох 
 Там отзывались звучным эхом! 
 Чтоб между нами навсегда 
 Исчезло время и пространство! 
 Я весь горю, я весь в огне, 
 Душа и сердце в упоеньи... 
 О Гений мой! Ко мне, ко мне!.. 
 Я весь пылаю вдохновеньем...


Пусть этот остов превратится 
 В пустой, эфирный, круглый шар, 
 Покрытый тучными слоями 
 Земли, каменьев и воды! 
 Пусть под землею загорится 
 Неугасаемый огонь 
 И землю держит и питает! 
 Пусть на поверхности земной 
 Зазеленеет лес прохладный 
 И луг с цветною бахромой; 
 Пусть над долиною нарядной 
 Шумит игривый ручеек, 
 И светлый, радужный поток, 
 Раздавшись пышною рекою, 
 Летит и плещется волною. 
 Но чтобы не было ни бездн, 
 Ни черных пропастей, ни гор!.. 
 Пусть слово «ужас» никогда 
 Не существует в нашем мире!


Ты в заблуждении, творец! 
 Твоя земля -- кругом равнина; 
 Настанет осень, дунет вихрь, 
 Холодным морем разольется, -- 
 Ничто полей не защитит: 
 Родятся язвы и болезни, 
 Зараза, голод и чума -- 
 И буйный ветер без преграды 
 По всей земле их разнесет!


Ты позабыл о пламе, Гений, 
 Что я зажег внутри земли!


Что все поветрия, заразы 
 На нашей грешнице земле? 
 Ее же дети! Самый воздух 
 Ее нахлебник!.. И его 
 Она и холит, и питает, 
 Как мать родная, и, как мать, 
 Своей же кровью заражает! 
 И даже солнце часто там 
 Пред ней от ужаса бледнеет! 
 Но здесь весь этот тонкий яд, 
 Все испарения, все язвы -- 
 Огонь подземный всё сожжет, 
 И до поверхности достигнет 
 Один лишь ключ живой воды -- 
 Источник жизни и питанья!


Да будет солнце и луна, 
 Но солнце яркое без зноя, 
 Без утомительных лучей, 
 Чтоб в самый светлый летний полдень 
 Оно горело, но не жгло; 
 Луна же -- бледная, как пламя 
 В полупрозрачном хрустале! 
 Да будут дождь, и гром, и молнья, 
 Но дождь без слякоти, а гром 
 Без разрушительного жала! 
 Да будут звезды и планеты 
 Ярчей алмазов! Чтоб земля 
 Не знала тьмы; чтоб днем и ночью 
 На страже бдели небеса 
 И беззащитную хранили!


Да будут лето и весна, 
 Без бурной осени, без зноя, 
 Без разрушительной зимы! 
 Пусть круглый год цветет природа...


Поверь мне, вечная весна 
 Наскучит так же, как и осень! 
 Однообразие скорей 
 Убьет, притупит наслажденье, 
 Нем вся безжизненность зимы!


Однообразье -- да. Но разве 
 Без бурной осени, без вьюг 
 Не может быть разнообразья? 
 Как будто мертвая зима 
 К разнообразью создана!.. 
 Давным-давно б все отказались 
 От бурь, ненастья и зимы, 
 Когда б не цепь -- необходимость! 
 Нет, нет, мой Гений! Пусть всегда 
 Цветет роскошная весна. 
 Да будет лев золотогривый, 
 И серна, странница полей, 
 Но чтобы не было ни змей, 
 Ни пресмыкающихся гадов, 
 Ни хищных птиц, ни хищных рыб, 
 Ни ядовитых насекомых! 
 Чтоб и в воде, и на земле -- 
 Везде, отныне и вовеки 
 Цвел неразрывный, вечный мир! 
 Да будет!


Смотри, смотри!.. Как блещет солнце, 
 Как улыбается земля, 
 Какой роскошною волною 
 Отвсюду льется жизнь и свет!., 
 Какой прелестной пеленою 
 Моя мечта облечена!..


О Гений, Гений! С чем сравнить 
 Минуту сладкую восторга 
 Отца и матери, когда 
 На свет родится им дитя!.. 
 Когда, приняв его в объятья, 
 В слезах, в волненьи, чуть дыша, 
 Вопьются жадными глазами 
 В его безмолвные глаза... 
 Но слей восторг всех матерей, 
 Все наслажденья и восторги, 
 Ты не создашь и самой тени 
 Блаженства бога... моего 
 Неизъяснимого блаженства!


Смотри, смотри! Как всё блестит, 
 Как всё исполнено роскошной, 
 Беспечной неги, свежих сил, 
 Цветущей, юной, мощной жизни!.. 
 Как беззаботная земля 
 Под злато-бархатным покровом, 
 В венке из роз и вся в лучах, 
 Вся в украшеньях, вся в цветах, 
 Подобно ангелу-младенцу, 
 То затрепещет, то замрет, 
 То улыбнется, то вздохнет 
 В своей воздушной колыбели!..


И это всё -- мое, мое!.. 
 Мое дитя, мое творенье! 
 Часть самого меня... Я сам!..


Твой мир величествен, прекрасен! 
 Недостает одной души, 
 Недостает лишь человека -- 
 Души вселенной!..


Прекрасный дар! Но берегись, 
 Чтоб он не сделался отравой, 
 Свинцовой ношей! Этот дар 
 Больших потребует издержек! 
 Чтоб поддержать его, едва ль 
 Всего могущества достанет!.. 
 С какой бы радостию демон 
 На полчаса тяжелой смерти 
 Свое бессмертье променял! 
 И самый демон!.. Берегись же, 
 Чтоб вместо нектара блаженства -- 
 Отрады горькой не поднесть!


Не беспокойся, добрый Гений! 
 С бессмертьем вместе человек 
 Получит и другой дар -- счастье!


Получит счастье!.. Да, легко, 
 Едва четыре слова! «Счастье...» 
 Земля и счастье -- ад и рай, 
 Свобода ангела и цепи! 
 Каким же пламенем сольешь 
 Ты эти цепи и свободу 
 В одно бессмертное звено? 
 Твой мир наскучит человеку, 
 Наскучит так же, как и всё! 
 И он умрет в своем бессмертьи, 
 В своем раю... Живой умрет -- 
 Потом тебя же проклянет!..


Мой план обдуман слишком верно, 
 Чтоб изменить мне.'.. Человек 
 Получит тело без болезней, 
 Без недостатков, без греха; 
 Всегда цветущее здоровьем 
 И преисполненное сил, 
 Свободное от всех страданий, 
 Венец чудесной красоты; 
 Пусть он владеет всей вселенной, 
 Пусть всё покорствует ему: 
 Земля, огонь, вода и воздух; 
 Пусть всё живущее, весь свет 
 Его и любит, и лелеет; 
 Ни зло, ни горе, ни беда 
 Да не сожгут его чела!


Ты подарил ему лишь силу, 
 Одно могущество... Потом! 
 Ты подаришь свободу воли?


Свободу воли без границ; 
 Пусть будет он, как ты, свободен 
 Свободен телом и душой!


А если он, как ты, захочет 
 Быть богом?..


Нет! Я дам ему 
 И всеобъемлющий рассудок, 
 Самосознание и ум.


А если этот ум вдруг спросит: 
 К чему так создан этот мир, 
 А не иначе? Что с ним было? .. 
 Начнутся поиски, томленье, 
 Придет бессонница, хандра... 
 И бедный ум в трудах зачахнет!


Трудов не будет: человек 
 С минуты самого рожденья 
 Узнает всё; и с бытием 
 Получит дар и всепознанья; 
 Весь мир раскроется пред ним, 
 Как перечитанная книга. 
 О, сладко, Гений, всепознанье -- 
 Сосуд могущества земли 
 И грозной власти над природой! 
 Какая тайная судьба, 
 Какой гигант -- крылатый случай -- 
 В кровавый спор войдет тогда 
 С его бессмертною душою, 
 Какая бурная река 
 Захлещет власть его волною 
 Иль черный, злой водоворот 
 Ладью в пучину занесет!..


Ты дашь ему желанья, страсти?


Желанья -- да; желанья -- жизнь, 
 Душа души; но страсти -- язвы, 
 Всепожирающий огонь 
 Эхидны! Нет, страстей не надо.., 
 Сноснее смерть, безумье, ад, 
 Чем это гнусное отродье 
 Проклятья, ада и греха; 
 Пусть человек, родясь, встречает 
 Свой мир улыбкой, а не плачем, 
 Пусть наслажденья с колыбели 
 Ему сопутствуют вовеки.,,


Где ж наберешь ты наслаждений, 
 Чтоб твой бессмертный человек 
 Мог наслаждаться целый век!.. 
 Подумай только лишь -- бессмертье: 
 Оно поболее столетья. 
 Где ты сокровищ наберешь, 
 Чтобы наполнить это море 
 Без берегов и без границ, 
 Когда и самые столетья, 
 И самый мир с своей землей, 
 С своими звездами и солнцем, 
 Утонет в этой пустоте, 
 Как звук пустой в зыбях эфира.., 
 Ты человека создаешь 
 Для наслаждения и хочешь, 
 Чтоб наслаждался он вполне 
 С своею бледною душою, 
 С бездушной льдиною -- умом; 
 Ты дал природе гром и молнью, 
 Земле -- огонь, и солнце -- дню; 
 У человека ж отнимаешь 
 Его и солнце, и огонь, 
 Его последнее блаженство -- 
 Игру волшебную страстей. 
 Ты опасаешься, что страсти 
 Вольют кипящий, жгучий яд 
 В его младенческую душу; 
 Лиши их огненного жала, 
 Как молнию... И в душу влей 
 Одно очищенное пламя.


Знаком ли детям пыл страстей, 
 Порывы буйного восторга? 
 И кто из нас, кто из людей 
 С их высочайшими страстями 
 Не променял бы пыл страстей 
 На наслаждения детей!..


Поэт, Поэт! В твоей вселенной, 
 В твоем божественном раю, 
 Лишь будут дети и младенцы. 
 Зачем же детям хочешь дать 
 И всеобъемлющий рассудок, 
 И беспокойный, хитрый ум! 
 Рассудок -- лишнее ребенку, 
 Дитя и должно быть дитя! 
 Иначе быть оно не может: 
 Оно и счастливо лишь тем, 
 Что без ума, что дремлет в неге 
 Средь обольстительных картин!


Оставь меня!


Я повелел: не будет зла 
 В моей вселенной! Прочь!


Все люди будут жить в пещерах... 
 Иначе им и жить нельзя! 
 Так создана твоя земля. 
 Но если вдруг одна пещера 
 Придет по мыслям двум семьям… 
 Тогда?


"
8;1441;;xix/1830/1830-403;А. В. Тимофеев;1834;"Аф4м # Ан2м # Я4ж,м; Я3ж, Я4д, Я5ж # Ан3м # Х4д,м; Х2д, Х3м # Д2дм";«Вино нам и друг, и спасенье, и грех...»;"Вино нам и друг, и спасенье, и грех; 
 Вином запиваем и слезы, и смех. 
 Вино утешает, вино веселит, 
 В вине-то весь рай в западне и сидит!


У меня есть жена -- 
 И ревнива, и зла! 
 Целый день словно тень 
 Вечно бродит за мной. 
 Если бы не вино, 
 Я погиб бы давно!


У меня так, друзья, 
 Ребятишек семья, 
 И ни хлеба, ни дров, -- 
 Хоть бы в омут готов!.. 
 Если бы не вино, 
 Я погиб бы давно!


Я сейчас из тюрьмы; 
 Целый месяц сидел, -- 
 Всё глазел да зевал, 
 Божья дня не видал! 
 Если бы не вино, 
 Я погиб бы давно!


Это всё трын-трава, 
 Бабьи сказки, слова!.. 
 Пропадай голова! 
 Было б только вино! 
 Если бы не оно, 
 Мы погибли б давно!


Куда ж теперь? -- Идем ко мне! 
 Моя жена нам будет рада: 
 Я ей несу с собой кой-что, 
 И ей, и ребятишкам! -- Верно, 
 Хозяин отдал вам сполна 
 Всё ваше жалованье... То-то! 
 А наш -- так черт его возьми! 
 Последнее готов засрочить, 
 Хоть с голоду умри! -- Ну, ну! 
 Нашел, о чем теперь калякать! 
 Идти, ребята, так идти! 
 Как раз полиция нагрянет 
 И всех в кутузку заберет!..


А! вот еще один из наших! 
 Товарищ! -- Эй! товарищ! Встань! 
 -- Оставь его: не видишь разве, -- 
 Он пьян... Рукой не шевелит!


Ну, что ж вы там еще? -- Идемте! 
 Идем! Идем!.. Да брось его! 
 Пускай лежит! Очнется к утру! 
 -- Молчи! -- Послушайте, друзья, 
 Давайте окна бить!.. -- Пустое! 
 -- Уж лучше вломимся в таверну 
 И выпустим вино из бочек!.. 
 -- С ума сошли вы, что ли? 
 -- Вишь умница какая!.. Ну! 
 -- Зевать тут нечего! На приступ! 
 -- Молчите! -- Что вы! -- Тише! -- Что? 
 -- Эй! Все ли здесь? -- Все, все!.. Готовы!.. 
 -- Ребята! Станемте кричать! 
 Ура! -- Дружнее! -- Ну! Дружнее! 
 -- Ура! Ура! Ура! Ура!..


Давайте лучше петь! -- Пожалуй! 
 -- Ну петь, так петь -- ин, начинай.


У кого есть беда да жена, 
 Тот уж пей без просыпа вина...


Счастливцы!..


А! здорово, милый! 
 Куда идешь, куда бредешь?


Куда? Да вот и сам не знаю! 
 Куда глаза теперь глядят! 
 Жена уехала кататься, 
 Детей гулять всех отпустил, 
 Так что-то скучно!..


Мне так доктор 
 Велит поболее гулять 
 Да строже наблюдать диету. 
 Такая дурь всё в голове, -- 
 И сам не знаю, что такое! 
 Чуть ночь -- хоть со света беги! 
 Бессонница, тоска, удушье, 
 И не глядел бы ни на что!


Желудок, верно, засорился, 
 Пройдет! Попробуйте-ка вы 
 Хоть раз, ложась в постель, затылок 
 Водой холодной намочить. 
 Мой зять, дай бог ему здоровье!..


Мое почтение!


О нет! Ужасно как расстроен! 
 Вот скоро целый месяц, да -- 
 Несчастье за несчастьем! Словно 
 Все сговорились на меня! 
 Вчера издохла Итальянка... 
 Вы помните?.. Еще щенком 
 Подарена мне графом Павлом! 
 Недели две тому назад 
 Пропала женина болонка; 
 И наконец почти сейчас 
 Наш повар умер от удара.


Куда же вы?


Глупцы!


Насилу отвязался! 
 Вот сумасшедший! Весь свой век 
 Всё ищет повара да кухни!.. 
 Куда же нам?


Мне всё равно!


Теперь пойдемте мы хоть в гавань?


Куда угодно! Я весь ваш!


И вот я снова в этом свете, 
 И снова тот же человек, -- 
 Без всякой цели!.. О, будь проклят 
 Весь этот мертвый, грязный свет, 
 И всё, что чувствует, все люди! 
 Всё, всё живущее, я сам! 
 И я еще желал чего-то 
 В своем холодном, мертвом сне.., 
 Я мог желать... Безумец жалкий! 
 Чего бы не дал ты теперь, 
 Чтобы уснуть опять, как прежде! 
 Тебе тяжел был этот сон 
 С его бездушной пустотою; 
 Ты ждал бессонницы, страстей, 
 Кипящей лавы, -- и дождался! 
 Теперь беснуйся, плачь, страдай, 
 Кляни, грызи свои оковы!..


Проклятые! Ужель и вы 
 Против меня все в заговоре?.. 
 Хоть ты, мой бедный, грешный ум, 
 Товарищ жалкий и надменный, 
 Утешь меня!.. Ужель и ты 
 Меня оставил и умчался 
 Вслед за безумною мечтой? 
 О нет, коварный, адский Гений, 
 Ты не лишил меня ума; 
 Ты только отнял вдохновенье, 
 У сердца -- жизнь, а у души -- 
 Ее могущество и силу. 
 А этот глиняный аршин, 
 А этот хрупкий, ржавый циркуль 
 Ты мне оставил. Ты не мог 
 Лишить того, что все имеют, 
 Чем может хвастаться меж нас 
 Последний скромненький ребенок! 
 Натужься же, мой мощный ум, 
 Натужься и, собрав все силы, 
 Роди какую-нибудь цель 
 В великом, мерном этом свете! 
 Вот обезьяны и фигляры, 
 Вот дрессированный медведь, 
 Вот поводильщик, цепи, лямки, 
 И даже деньги... Избирай!..


Посмотри, мой друг, как весело, 
 Как прелестно всё кругом! 
 Посмотри, какими искрами 
 Солнце брызжет свет и жизнь, 
 Как кипит и как волнуется 
 Здесь на площади народ!.. 
 Мне сегодня так приятно всё, 
 Так отрадно на душе, -- 
 Так бы вся вот и рассыпалась! 
 Посмотри, мой милый, вверх! 
 Солнце с небом словно празднуют 
 Свой прелестный день рождения...


Земля ж на пир приглашена! 
 Теперь ты весела, счастлива, 
 И всё так весело вокруг; 
 В минуту ж скуки и веселый 
 Тебе наскучит, надоест, 
 И всё, что ныне так прелестно, 
 И это небо, и земля, 
 И эта праздная толпа, 
 Тогда покажется несносным! 
 Так всё зависит здесь от нас!


Не от нас ли же, мой милый друг, 
 Здесь зависят и все радости! 
 Часто сами отгоняем мы 
 От себя и рай, и счастие! 
 Счастье пригреет нас, 
 Словно весна; 
 Кажется, весело 
 Так на душе; 
 Всё недовольны мы 
 Счастьем, судьбой! 
 Вспомнишь прошедшее, 
 Взглянешь вперед, -- 
 Мысли за мыслями, 
 Вздохи да бред; 
 Тут и предчувствие, 
 Тут и тоска, 
 Тучи за тучами... 
 Хвать -- и беда!


Ты права, да! Но часто случай, 
 Ничтожный случай, сущий вздор 
 Всё наше счастье отравляет! 
 Взгляни на солнце!.. Вот пример! 
 Где больше жизни, как не в солнце, 
 Где больше блеска? .. И меж тем 
 Одно лишь облачко, одно лишь только, 
 Один простой, прозрачный пар, -- 
 И солнце яркое мертвеет! 
 У всех людей своя печаль; 
 У всех своя тоска и скука, 
 И радости свои; но есть, 
 Мой друг, еще меж нами люди, 
 Которым нет уж ничего 
 Под этим небом, у которых 
 В душе давно сгорело всё, 
 Чем мы все держимся на свете, 
 Что нас так с жизнию дружит, 
 Что нам так мило... И осталась 
 Одна лишь горькая осадка -- 
 Холодный змей с свинцовым жалом! 
 И для них здесь нет ни радостей, 
 Ни надежды, ни весны! 
 Их весна без солнца красного, 
 День без света...


Но зато 
 Сколько в свете, милый, встретишь ты 
 Вечно счастливых людей, 
 Вечно в дружбе с наслаждением, 
 Без тоски и без забот, 
 Полных счастья, жизни, радостей, 
 И довольства, и утех!.. 
 Всё их тешит, всё им нравится, 
 Всё пленяет их собой! 
 Черный день проходит призраком 
 Иль в дремоте, иль во сне; 
 Ночь приносит им спокойствие, 
 Неудачи... / Ах, взгляни! 
 Верно, нищий и больной... 
 Подойдем к нему, друг мой!


Просто пьяный -- не ходи. 
 Видишь -- спит... Так не буди!


Ах нет, право, он больной! 
 Подойдем к нему, друг мой!


Не надобно ль тебе, мой друг, 
 Чего-нибудь?


Что говорит он, милый мой?


Пойдем! Ему нужнее доктор, 
 Чем наша помощь!


Подай три пфеннига иль крейцер! 
 Скорее!.. Кинь! Теперь пойдем!


Нет, люди добры!.. Я напрасно 
 Их так безумно презирал!


Вот эти люди!.. Вот они, 
 С своей обычной суетою 
 И с жалкой низостью в душе! 
 Пигмеи в платье эгоизма!..| 
 Вот все они! И где они?.. 
 Где это мудрое созданье 
 Святой премудрости творца, 
 Порфирородный царь вселенной?.. 
 Где этот гордый человек? 
 Когда утратил он стяжанье, 
 Ему врожденное творцом? 
 Когда успел разоблачиться, 
 Уничиженный суетой, 
 Из этой царской багряницы?.. 
 Пусть тело -- вечный раб земли, 
 Болезней, случая и смерти... 
 Какое б ни было оно, 
 Всё тело -- прах, земля -- и только! 
 Но этот чистый, мощный дух, 
 Часть вечно движущейся силы, 
 Чистейший отблеск божества, 
 Сам разум, сила, воля, власть… 
 Как он мог пасть? И... как же пасть!..


Вот и я, гигант подоблачный, 
 Начинаю упадать!.. 
 Сам собою я возвысился 
 До величья божества, 
 И потом, убитый немощью, 
 Уничтожил сам себя! 
 От всего теперь осталася 
 Только, грусть лишь на душе, -- 
 Чувство тихое, как вечером 
 Майский, тихий ветерок! 
 Вот и мой, знать, приближается 
 Вечер жизни -- нищеты!..


Как прекрасно божье солнышко, 
 Как прекрасен божий мир! 
 Вот земля вся покрывается 
 Драгоценною фатой; 
 Вся природа наряжается 
 В летний, праздничный наряд! 
 И пойдут все за дарами к ней: 
 Земледелец с бороной, 
 Красна девица с корзинкою, 
 Жнец пойдет с своим серпом, 
 Семьянин -- с своей заботою; 
 А уж я... Мой час настал!..


О, если б кто страдальца бедного 
 Меня на солнце перенес! 
 Да! умереть бы мне хотелося 
 На вешнем солнце!.. Умереть!.. 
 Здесь так холодно, 
 Всё так пусто и мертво!


Кто снесет меня! 
 Все так заняты собой!..


Тебя уж ждут на небесах!


Еще последнее желанье, 
 Последний грех! Не откажи!


Проси!


Тебе ничтожество!.. О нет! 
 Тебе назначено бессмертье!


Мой Гений, сжалься надо мной! 
 Меня убьет твое бессмертье! 
 Пока жива моя душа, 
 Мне не знавать нигде покоя! 
 Я превращу и самый рай 
 В обитель черную страданий! 
 Еще ли мало я страдал 
 На этом свете?


Твои слова отрадны мне!..


Ты показал в своих созданьях 
 Всю бедность сил и нищету 
 Порывов духа человека, 
 Когда он в бешенстве страстей, 
 В томленьи гордого рассудка, 
 Мечтой надменной залетит 
 За учрежденные пределы; 
 И всё величие его -- 
 Когда, сковав себя смиреньем, 
 Поправ могущество страстей, 
 С младенческой душой, спокойно 
 Идет назначенным путем! 
 Твое последнее созданье, 
 Твой идеальный, чудный мир, 
 В котором ты хотел найти 
 Твой славный образ совершенства, -- 
 Целебный ба́льзам для души 
 Всегда больного человека! ..


О Гений мой, поймут ли нас! 
 Поймут ли люди нас, мой Гений! 
 Свет ищет злой хулы во всем, 
 Одной хулы и вольнодумства!.. 
 Великое -- не для него!


Расчет твой с этим светом кончен! 
 И с этих пор ты будешь жить 
 Благословением потомства. 
 Умрут вельможи и цари, 
 Умрут республики и царства, 
 Умрут столетья, но пока 
 На свете будет это солнце, 
 Ты не умрешь! Твоя душа -- 
 Душа земли; твое величье -- 
 Величье бога и людей; 
 Твоя могила -- вся вселенна!


О, Гений мой!..


Вот наш венец... и -- вот твой Храм.


"
9;1442;;xix/1830/1830-404;А. В. Тимофеев;1835;Х4м+Х3ж;Пираты : «Мы живем среди морей...»;"Мы живем среди морей 
 В кораблях летучих, 
 Лес наш -- тучи; соловей -- 
 Плеск валов гремучих.


Не посеявши, мы жнем; 
 Не прося, имеем; 
 День проходит полуднем, 
 Будни -- юбилеем.


Если ж праздник задаем 
 Перед общей сменой -- 
 Облака горят огнем, 
 Море брызжет пеной.


Нам не нужны ни друзья, 
 Ни отцы, ни сваты; 
 Не роднясь, мы все родня; 
 Не женясь, женаты.


Корабли и острова 
 Дань несут без платы.... 
 В небе царствуют грома, 
 На море -- пираты!


"
10;1443;;xix/1830/1830-405;А. В. Тимофеев;1835;Я4мж;Возвращение на родину : «Туманно солнышко взошло...»;"Туманно солнышко взошло, 
 Из леса путник показался, 
 В глазах родимое село... 
 Чу! Звон к заутрене раздался.


«Конец тяжелому пути! 
 Привет тебе, село родное! 
 О, ярче, ярче ты свети 
 На небе, солнце золотое!


Не ждут иль ждут меня друзья? 
 Свиданье сладостно для друга. 
 Не изменился, тот же я; 
 Всё та же ль ты, моя подруга?


Одних давно, быть может, нет, 
 Другие, может быть, далёко; 
 Кого умчал веселый свет, 
 Кого закон тяжелый рока!»


И грустно, грустно посмотрел 
 Он на родимую дорогу; 
 Вздохнув, суму свою одел 
 И тихо помолился богу!


"
11;1444;;xix/1830/1830-406;А. В. Тимофеев;1835;Д2ж # Л4жм # Д2жм # Ан2мм+Д2м;Челнок : «Страшно на небе...»;"Страшно на небе, 
 Страшно на море!


Черные тучи, взвившись горами, 
 Рвутся, грохочут, тонут в огне; 
 Бурные волны стелются, скачут; 
 Гром, непогода, буря, гроза.


Ветер хохочет, 
 Ветер свистит; 
 Море клокочет, 
 Море кипит.


Мрачен, пуст, одинок 
 Мчится в море челнок... 
 Бедный челнок!


Тихо на небе, 
 Тихо на море!


Море спокойно, море уснуло; 
 Ветры молчат; кругом тишина; 
 Всё опустело, солнце как пламя; 
 Душно, уныло, глухо, мертво.


Воздух чуть дышит, 
 Солнце палит, 
 Искрится, пышет: 
 Море горит.


Грустен, пуст, одинок 
 Мчится в море челнок... 
 Бедный челнок!


Ясно на небе, 
 Ясно на море!


Море дрожит от кликов победных: 
 «К берегу! Пристань! Пристань! Ура!» 
 Гордый корабль, взмахнув парусами, 
 Режет, бросает, топит валы.


Пристань открылась, 
 Берег скалой. 
 Всё приютилось, 
 Всё на покой.


Где ж челнок? -- Одинок 
 Бесприютный челнок! 
 Бедный челнок!


"
12;1445;;xix/1830/1830-407;А. В. Тимофеев;1832-1836;Ан2мм+Д1ж;Домовой : «Ты детей уложи...»;"Ты детей уложи 
 И потом нам скажи 
 Сказку,


Как в пустой раз избе 
 Домовой дал тебе 
 Таску.


«Да, лежу раз одна, 
 Ни светца, ни огня -- 
 Глухо!..


Кто-то скрипнул... опять, 
 Перекстилася, глядь -- 
 Ухо!


Весь седой, в охабне, 
 Нараспашку ко мне. 
 Кто тут?


Вся дрожу! А в избе 
 Пропадай хоть себе -- 
 Омут!


А старик на меня; 
 Я туда, я сюда... 
 Темно!


Что ты? Что ты? Поди! 
 Перестань! Погоди! 
 Полно!


Глядь -- Савелий! Не он... 
 А такой же, как лен, -- 
 Савка!


Я наотмашь рукой, 
 Что есть силы, с мольбой -- 
 Лавка!


Знай-ка, знай, да молчи, 
 Что лукавый в ночи 
 Строит!


Да, бывают дела! 
 Не напрасно молва 
 Ходит».


"
13;1446;;xix/1830/1830-408;А. В. Тимофеев;1837;Х3дм;Выбор жены : «Не женись на умнице...»;"Не женись на умнице, 
 На лихой беде! 
 Не женись на вдовушке, 
 На чужой жене!


Женишься на вдовушке -- 
 Старый муж придет; 
 Женишься на умнице -- 
 Голову свернет.


Не женись на золоте, 
 Тестевом добре! 
 Не женись на почестях, 
 Жениной родне!


Женишься на золоте -- 
 Сам продашь себя; 
 Женишься на почестях -- 
 Пропадай жена!


Много певчих пташечек 
 В божиих лесах; 
 Много красных девушек 
 В царских городах.


Загоняй соловушку 
 В клеточку твою; 
 Выбирай из девушек 
 Пташечку-жену,


"
14;1447;;xix/1830/1830-409;А. В. Тимофеев;1838;"Ан3д; Ан3г";Тоска : ««Оседлаю коня, коня быстрого...»;"«Оседлаю коня, коня быстрого, 
 Полечу, понесусь легким соколом 
 От тоски, от змеи, в поле чистое; 
 Размечу по плечам кудри черные, 
 Разожгу, распалю очи ясные, 
 Ворочусь, пронесусь вихрем, вьюгою, -- 
 Не узнает меня баба старая!


Заломлю набекрень шапку бархатну, 
 Загужу, забренчу в гусли звонкие; 
 Побегу, полечу к красным девушкам -- 
 Прогуляю с утра до ночной звезды, 
 Пропирую с зари до полуночи, 
 Прибегу, прилечу с песней, с посвистом, -- 
 Не узнает меня баба старая!»


«Полно, полно тебе похваляться, князь! 
 Мудрена я, тоска, -- не схоронишься! 
 В темный лес оберну красных девушек, 
 В гробовую доску -- гусли звонкие, 
 Снегом, льдом занесу поле чистое, 
 Иссушу, изорву сердце буйное; 
 Прежде смерти сгоню с света божьего! 
 Изведу я тебя, баба старая!»


Не постель постлана в светлом тереме -- 
 Черный гроб там стоит с добрым молодцем; 
 В изголовьи сидит красна девица, 
 Горько плачет она, что ручей шумит, 
 Горько плачет она, приговаривает: 
 «Погубила тоска друга милого! 
 Извела ты его, баба старая!»


"
15;1448;;xix/1830/1830-410;А. В. Тимофеев;1843;Х4д;Борода : «Борода ль моя, бородушка!..»;"Борода ль моя, бородушка! 
 Борода ль моя бобровая! 
 Поседела ты, бородушка, 
 До поры своей, до времени! 
 Поведешь, бывало, гаркнувши, 
 Усом черным, молодецкиим -- 
 Красна девица огнем горит, 
 Дочь боярска тает в полыми! 
 Прикушу тебя, косматая, -- 
 Басурманин злой с коня летит, 
 Дряблый немец в норы прячется!


Занесло тебя, кудрявую, 
 Да не снегом, да не инеем -- 
 Сединой лихой, кручиною! 
 Растрепал тебя, родимую, 
 Да не ветер, да не лютый враг -- 
 Растрепал тебя мудреный зверь, 
 Что мудреный зверь -- змея-тоска! 
 Борода ль моя, бородушка! 
 Борода ль моя бобровая!


"