"","year","header","text_raw"
"1",1827,"Жребий : «К чему печальное сомненье?..»","К чему печальное сомненье? 
 Загадка жизни решена... 
 Мне указало провиденье, 
 Какая участь мне дана! 
 Любви, и славы, и свободы 
 Люблю таинственный призыв, 
 И для меня язык природы 
 Обилен и красноречив!.. 
 Ему внимая, сердце бьется 
 Всей жизнью юною своей, 
 И тихо из души моей 
 Сама собою песня льется. 
 Предав судьбе мой светлый век, 
 Я об одном молю у рока, 
 Чтоб умереть не мог до срока 
 Во мне поэт и человек!


"
"2",1828,"Предвещание : «Кто бросился в Волхов с крутых берегов?..»","Кто бросился в Волхов с крутых берегов? 
 В реке заклубилася пена, 
 В реке зазвенело... Не звон ли оков? 
 Наверное, беглый из плена!


Нет, беглый не будет с мечом и в броне, 
 У пленника сбруи не стало! 
 То кто-то из наших плывет на коне... 
 Зачем же надвинул забрало?


Он крепок, он молод, он волны сечет 
 С прямой богатырской отвагой, 
 И конь его сильный отважно плывет 
 И брызжет кипящею влагой.


Уж поздно -- и туча легла как свинец, 
 По Волхову ветер гуляет, 
 Откликнулся ворон, -- торопися, пловец, 
 Недоброе ворон вещает!


Вот конь погрузился, тяжеле плывет, -- 
 Но берег другой недалёко, 
 Храпит и дрожит он, и разом из вод 
 На берег взлетает высокой...


Вздыхая вольнее, он буйно заржал, 
 Взмахнул он косматою гривой 
 И бодрый, как прежде, по кочкам помча 
 Седока удалого ретиво.


К недальному бору подъехал ездок, 
 Окрест и темно всё и глухо, 
 Порою болотный блеснет огонек, 
 Ничто не доходит до слуха.


Чем дале, всё гуще и сумрачней бор, 
 Нависнули сосны да ели, 
 Как видно, не сек их бесщадный топор 
 И люди их тронуть не смели.


Конь тяжко ступает, нет более сил, 
 Дрожат, подгибаясь, колена; 
 Вот стал он упрямо, и каплет с удил 
 И кровь и багровая пена...


На землю ступил поневоле седок, 
 Коня он ведет за собою, 
 Но путь ему труден -- всё пни и песок, 
 Да иглы хрустят под ногою.


Вдруг ветер ударил, и облаком дым 
 И свет разливаются всюду, 
 Послышался голос: «Куда ты, Вадим? 
 К добру ты пришел или к худу?»


«Иду я совета искать у волхва, -- 
 Пришелец ответствует смело. -- 
 Проник он все тайны, вещает молва, 
 Так сам угадает, в чем дело».


Сказал он, и ветер затихнул, и вмиг 
 Рассеялось облако дыма, 
 И тихо подходит столетний старик 
 И взором пытает Вадима...


Расцвечена чудно одежда на нем, 
 Брада серебрится, как иней, 
 Чело ж осеняет летучим венцом 
 Огонек то румяный, то синий.


«Вадим! ты узнаешь, всеведущ ли я 
 И тщетно ль мне верят народы, 
 Покорен мне воздух, покорна земля, 
 Проник и в огонь я и в воды.


Что прежде сбылося, что будет вперед, 
 Всё знаю в пустыне безлюдной, 
 О чем ты замыслил и что тебя ждет, 
 Проведать, увидишь, нетрудно».


И шепчет гадатель, и, круг очертя, 
 Медвежьей махнул рукавицей, 
 И птицы отвсюду, шумя и свистя, 
 Слетаются бурной станицей.


«Теперь всё готово, -- промолвил старик, -- 
 Всю правду нам выскажут птицы, 
 Тебе же понятен их будет язык, 
 Пока не шагнешь за границы».


И витязь вступает в таинственный круг, 
 Ему как бы стало страшнее, 
 Он ждет предвещанья, волнуется дух, 
 И сердце забилось сильнее.


Коршун хищный! плавным кругом 
 Так высоко не летай, 
 Дай нам встретиться друг с другом, 
 Сил со мною попытай! 
 На тебя, ширококрылый, 
 Я ударю всею силой, 
 И по ветру я вокруг 
 Размечу твой серый пух; 
 А не то, во мраке ночи, 
 Если сном смежишь ты очи, 
 Неожиданный паду, 
 Где б ты ни был, я найду!


Нет! и в сумраке ночей 
 Ты под властию моей, 
 Сокол, ночью всюду я 
 За тобой, как тень твоя; 
 Ты от взора моего 
 Не укроешь ничего; 
 Ночью всё подвластно мне, -- 
 Будь твой недруг хоть во сне, 
 Пробужу я вмиг его 
 До прихода твоего...


Чья мне слышится кровь? 
 Где-то двое врагов! 
 А! коршун и сокол сшибаются вдруг, 
 По воздуху вьется разбросанный пух... 
 Жарок бой в вышине, 
 Кто ж достанется мне? 
 Вот ударил один, вот ударил другой, 
 Взвивается коршун, и кончен их бой, -- 
 Сокол, сокол, твою 
 Кровь я досыта пью!


Умолкнули птицы -- исчезнул старик, 
 Вполне совершилось гаданье, 
 Но витязь безмолвен, челом он поник, 
 Не в радость ему предсказанье!


Вот утро блеснуло, конь весело ржет, 
 Но витязь не внемлет и шуму, 
 Вадиму печален и солнца восход -- 
 Он крепкую думает думу...


"
"3",1828,"Портрет : «Когда стройна и светлоока...»","Когда стройна и светлоока 
 Передо мной стоит она, 
 Я мыслю: гурия пророка 
 С небес на землю сведена! 
 Коса и кудри темно-русы, 
 Наряд небрежный и простой, 
 И на груди роскошной бусы 
 Роскошно зыблются порой. 
 Весны и лета сочетанье 
 В живом огне ее очей, 
 И тихий звук ее речей 
 Рождает негу и желанья 
 В груди тоскующей моей.


"
"4",1829,"К *** : «Везде преследовать готова...»","Везде преследовать готова 
 Мечта ревнивая тебя, 
 И, будто праздника святого, 
 С тобою встречи жажду я. 
 Но сердцу в тягость встреча эта, 
 Как зной томительного лета! 
 На очи мне палящий взгляд 
 Наводишь ты без состраданья, 
 И при тебе одни желанья 
 В груди трепещущей кипят! 
 Так ночью летнею младенца, 
 Земли роскошной поселенца, 
 Звезда манит издалека, 
 Но он к ней тянется напрасно, -- 
 Звезды блестящей и прекрасной 
 Не досягнет его рука!..


"
"5",1829,"Ответ : «Не говори: завиден дар...»","Не говори: завиден дар 
 И вдохновение поэта, -- 
 Не вечен в нем священный жар, 
 Им грудь не часто разогрета! 
 Как много дней цветущих он 
 В бесплодных замыслах утратит, 
 И редко вдохновенный сон 
 Его создания освятит. 
 В мир необъятный, в мир иной 
 Перелетя воображеньем, 
 На мир существенный с презреньем 
 Глядит как житель неземной. 
 И часто грудь его страдает: 
 Не зная радостей земных, 
 Он их надменно отвергает, 
 А заменить не может их.


"
"6",1829,"Природа : «Цветет она розой, летит мотыльком...»","Цветет она розой, летит мотыльком, 
 В дубровах, в долинах поет соловьем, 
 Могучей пятою колеблет гранит 
 И брызгами в пропасть с утеса летит. 
 Из снов развивает блестящую цепь, 
 Дыханьем волнует песчаную степь, 
 Сливает свой голос с напевом духов 
 И радугой блещет в дыму облаков. 
 Над бездной воздушной чертог создает, 
 И мысль человека и сердце зовет, 
 Но видима всюду, но всюду слышна, 
 Лишь изредка манит и кличет она: 
 Кто ж близко подходит, познаньем томим, 
 Волшебница бездну разверзнет под ним!


"
"7",1830,"Безнадежность : «Узник ждет конца неволи...»","Узник ждет конца неволи, 
 Ждет малиновка весны, 
 Я не жду ни лучшей доли, 
 Ни весенней тишины.


Путь свершаю понемногу 
 По дороге бытия, 
 День прошел -- и слава богу, 
 Если слез не пролил я,


Если долгое забвенье 
 Глухо на душу падет, 
 Если в темном отдаленьи 
 Тень минувшего блеснет.


Но когда во мраке ночи 
 Слышу страстный разговор 
 И любовью полны очи 
 Встретит мой потухший взор --


Сердцу грустно, сердцу больно, 
 Камнем на сердце тоска -- 
 И к очам тогда невольно 
 Подымается рука...


Пусть же так, как волны в Лете, 
 Охладеет в сердце кровь, 
 Чтоб забыл я, что на свете 
 Есть и дружба и любовь!


"
"8",1830,"К «Литературной газете» б<арона> Д<ельвига> : «Не для большого ты числа...»","Не для большого ты числа, 
 А ради дружбы выходила; 
 Где колыбель твоя была, 
 Там и могила!


"
"9",1831,"Сонет : «Любовь он пел, печалью вдохновенный...»","Любовь он пел, печалью вдохновенный, 
 И чуждых слов не понял я вполне, 
 И только был напев одноплеменный, 
 Как томный взор, как вздох, понятен мне.


Но ты постиг душою умиленной, 
 Что звуков тех таилось в глубине, 
 И скорбь души, страданьем утомленной, 
 Отозвалась и на твоей струне.


И я внемлю понятному мне звуку, 
 Как бы внимал страдальцу самому, 
 И я б хотел с участьем брата руку


При встрече с ним хоть раз пожать ему, -- 
 Мне тот не чужд, кто знал любовь и муку 
 И кто их пел по сердцу моему.


"
"10",1831,"Сонет : «Не потому томительным виденьем...»","Не потому томительным виденьем 
 Во снах твоих блуждает образ мой, 
 Что, может быть, с тоскою и волненьем 
 Ты обо мне подумаешь порой,


Но оттого, что часто с напряженьем, 
 В ночи без сна, к тебе стремлюсь мечтой, 
 И увлечен я весь воображеньем 
 И с сном твоим сливаюся душой.


Прости меня! Невольной, неизбежной, 
 Я предаюсь мечте моей вполне, 
 Я бы хотел, чтоб призрак мой мятежный


Не говорил о милой старине, -- 
 Но ты простишь: не ты ль сама так нежно 
 Об этих снах рассказывала мне! ..


"
"11",1836,"Отчужденный : «Как дневной смолкает шум...»","Как дневной смолкает шум, 
 Как лазурный свод темнеет, 
 Над землей незримо веет 
 Тихой жизнью ангел дум!.. 
 В эту сладостную пору, 
 Как в священной тишине, 
 Предстает природа взору, 
 Безмятежная во сне, 
 Страсти буйное безумье 
 Далеко бежит души, 
 И таинственно раздумье 
 Сходит на сердце в тиши! 
 В это чудное мгновенье 
 Есть неясная печаль, 
 Есть неясное стремленье, 
 Будто сердце рвется вдаль, 
 Будто хочет породниться 
 В целом мире с чем-нибудь, 
 И вдвойне больная грудь 
 Одиночеством томится.


Одинокий гость земли 
 Зрит ли звездочки вдали, 
 Как они меж облаками 
 Блещут яркими четами, 
 Иль, задумчив, смотрит он, 
 Как, всходя на небосклон, 
 И любви и неги полный, 
 Лобызает месяц волны 
 Иль следит за ветерком, 
 Как он вьется над цветком, 
 Как в таинственном лобзанье 
 Пьет душистое дыханье... 
 Жизнь их сладостная в нем 
 Не горит живым огнем! 
 Он, душою отчужденный, 
 Их союза не поймет: 
 Для души уединенной 
 Мир прекрасный не живет.


Но когда, благословенны 
 Вседержавною рукой. 
 Две души союз священный 
 Заключат между собой, 
 Как огонь любви согреет 
 Их волшебной теплотой, 
 Откровение повеет 
 Вмиг над любящей четой, -- 
 Тайны те, что схоронила 
 Грудь природы глубоко, 
 Вдохновительная сила 
 Разрешает ей легко. 
 В лоно пламенных объятий 
 Двух любовников как братий 
 Мир приемлет, -- и тогда 
 С ними жизнь его слита: 
 Звезд и месяца сиянье, 
 Шум дерев и говор вод, 
 И цветов благоуханье -- 
 Всё им голос подает, 
 Всё в них жизнь переливает, 
 Как с природой их одно 
 Навсегда соединяет 
 Неразрывное звено.


Под навесом зыбкой сени, 
 Где цветущие сирени 
 Наклонились головой 
 Над дерновою скамьей, 
 Слышен голос: / «Что, мой милый, 
 Смотришь в очи мне уныло? 
 Что мне руку пожал ты?»


Друг мой, грустные мечты 
 Взволновали вдруг мне душу.


Что ж? Скажи!


Ты печален: почему же 
 Мне печальною не быть? 
 Радость я делю: кому же 
 И печаль с тобой делить?


Так взгляни ж на это море, 
 Как роскошно на просторе 
 Блещет тканью золотой, 
 Озаренное луной! 
 Что же, если б перл вселенной, 
 Неожиданно, мгновенно, 
 Месяц на небе потух 
 И упал на волны вдруг 
 Мрак несходный и угрюмый?


Отчего же этой думой 
 Ты глубоко поражен? ..


Ею был перенесен 
 Я к другой мечте мятежной. 
 Я тебя, мой ангел нежный, 
 С этим месяцем сравнил; 
 Что б мне мир прекрасный был, 
 Если б снова я душою 
 В нем остался сиротою, 
 Если б (страшная мечта!) 
 Эти очи и уста...


Что ж печалиться, мой милый? 
 Жизнь верна и за могилой. 
 Не равно ли, здесь иль там? 
 Лишь бы жить не розно нам!


Верю, верю упованью! 
 Но за гроб одним путем, 
 К замогильному свиданью, 
 Всё ж не вместе мы пойдем. 
 Молод я, во цвете силы: 
 Мне далёко до могилы! 
 Ты же жизнию -- цветок, 
 Юных дней твоих поток 
 Унесет одно страданье, 
 Как уносит ветерок 
 Жизнь цветка -- благоуханье. 
 О, коль это испытанье 
 Суждено мне в цвете лет, 
 Я, клянусь, тебе вослед 
 Землю грустную оставлю, 
 И, свободною душой, 
 Где б ты ни была, направлю 
 Мой полет я за тобой! 
 Он замолк; она молчала, 
 Но к груди его припала 
 Чернокудрой головой, 
 И, храня следы печали, 
 Очи тихие сияли 
 Умиленною слезой.


Есть предчувствие -- я верю, 
 Невозвратную потерю 
 В нас душа предузнает: 
 Вот сирень еще цветет 
 Над скамьей уединенной, -- 
 Что ж тропою потаенной 
 В час, как ночи тень падет, 
 К ней никто уже нейдет? .. 
 Не придет опять младая 
 Нам знакомая чета!


В злом недуге угасая, 
 Вот на ложе смерти та, 
 Чьи давно ль во мраке ночи 
 Пламенели негой очи, 
 А теперь при блеске дня 
 Будто звезды без огня. 
 Вот и он, друг сердца милый, 
 Неподвижный и унылый, 
 На коленях у одра. 
 Он следит, как жизнь в ней вянет, 
 Но не верит, что настанет 
 Сердцу страшная пора!


Не спасла любовь и вера, 
 Мук земных свершилась мера, -- 
 Сна могильного крыло 
 Осеняет ей чело. 
 И на долгую разлуку 
 Холодеющую руку 
 Другу подала она: 
 Жизни дрогнула струна, -- 
 И душа, подобно звуку, 
 На невидимых крылах, 
 Утонула в небесах.


Есть пределы упованьям! 
 Вот с отчаянным рыданьем 
 Он упал у хладных ног, 
 Вдруг у ног пахнул одеждой 
 Перелетный ветерок. 
 Вспыхнул юноша надеждой: 
 К ней!.. зовет... Обман жесток! 
 Безответен зов бесплодный. 
 Неподвижен труп холодный, 
 Очи, перси и уста -- 
 Всё замолкло навсегда.


И безумно страшным взором 
 Обратился он с укором 
 К отдаленным небесам, 
 Но светло всё было там, 
 Синева небес сияла, 
 Божьих ангелов семья 
 Хором в рай сопровождала 
 Душу чистую ея...


Выпал жребий неизбежный! 
 И любовник молодой 
 Клятвы страшной, клятвы нежной 
 Сохранил обет святой. 
 Мир безлюдный, мир печальный 
 Для него пустыней стал; 
 Там, в лазури, ясной, дальной, 
 Мир иной страдальца звал.


И пришел он вновь под сени, 
 Где душистые сирени 
 Наклонились головой 
 Над дерновою скамьей. 
 Но уж сердце в нем хладело: 
 Клятву он свершил свою, -- 
 И бесчувственное тело 
 Тихо пало на скамью.


Как из храма пар душистый, 
 Как молитвы голос чистый, 
 Окрыленна и вольна, 
 Новой жизнию полна, 
 Сумрак ночи рассекая, 
 Понеслась душа младая, -- 
 И пред нею всё ярчей 
 Звезды вдоль небес блистали 
 На невидимых крылах 
 И к желанной цели ей 
 Ясно путь обозначали... 
 И прекрасная заря, 
 Блеском розовым горя, 
 Вдалеке пред ней сияла, -- 
 Будто солнцев легион, 
 Слитый вместе, озаряла 
 Отдаленный небосклон. 
 «Вижу, вижу край желанный, 
 Край любви обетованный, 
 И заране узнаю: 
 Там найду любовь мою!» 
 Вдруг невидимая сила 
 Крыл полет остановила. 
 И оттуда, где светло 
 Небо розами цвело, 
 Что-то тихо отделилось 
 Искрой ярко-золотой 
 И над тенью молодой 
 Светлым облаком спустилось.


Разошелся дым златой, 
 И сквозь пар душистый дыма 
 Блещет образ серафима 
 Златокудрый и младой. 
 «Тень преступная, куда ты? 
 Рая в светлые палаты 
 Не достигнешь ты к вратам, 
 Ты не бога любишь там, 
 Но любовь свою земную 
 Переносишь в жизнь иную, -- 
 И на казнь обречена 
 Эта тяжкая вина! 
 Между небом и землею 
 Осужден ты жить душою; 
 Ты с земли отторг себя, -- 
 Рай чуждается тебя!»


Отчужденною душою, 
 В целом мире сирота, 
 Между небом и землею 
 Он живет. Идут лета, -- 
 И не раз ему, случалось, 
 В хоре ангелов сдавалось, 
 Милый голос слышал он... 
 О, как сильно этот звон 
 И мучительным желаньем, 
 И тоской, и упованьем 
 Душу бедную смущал! 
 Крылы вновь он развивал, 
 Но невидимые силы 
 Останавливали крылы 
 И на грустный край земли, 
 Беспощадные, влекли.


"
"12",1836,"Поэзия и жизнь : «Невидимкою слетая...»","Невидимкою слетая 
 В заполунощной тиши, 
 Чаровница молодая, 
 Не тревожь моей души; 
 Пощади меня, сильфида, 
 Я страшусь любви твоей, 
 Отомщает эвменида 
 Каждый звук твоих речей!


Нет! волшебница не внемлет -- 
 Приближается она... 
 Грудь, я чувствую, объемлет 
 Животворная весна, 
 Аромат во мраке вьется, 
 Арфа в воздухе звучит, 
 Звон роскошно в душу льется, 
 Будто ангел говорит!


«Снова ль резвою игрою 
 Хочешь сердце обмануть, 
 Обольстить меня мечтою, 
 Упованием блеснуть? 
 Нет! молю, в залог свиданья 
 Вырви слезы из груди, 
 И хоть жизнь воспоминанья 
 Прежде сердцу возврати!»


Ты... Но жертвенник разбитый 
 Кто опять восстановил? 
 Огнь угасший, огнь забытый 
 Мимолетом оживил?.. 
 В ризе пара голубого 
 Предстоящий мир бежит, 
 И доступным раем снова 
 Мир минувшего открыт!


Те цветы, что рано свяли, 
 Что бессильною росой 
 Тщетно слезы окропляли, 
 Оживают предо мной; 
 Снова пышны, снова блещут, 
 Вновь музыка-аромат, 
 Звуки в лоне их трепещут, 
 В звуках образы кипят.


Кто вы, райские виденья, 
 Девы чистой красоты? 
 Не из царства ль вдохновенья 
 Воплощенные мечты? 
 То сквозь сумрак арфы ваши 
 Блещут солнечным лучом, 
 То рубиновые чаши 
 Звезд трепещущих огнем...


Долу, дивные, коснулись, 
 Блещут, вьются вкруг меня, 
 На призыв их встрепенулись 
 Перси, полные огня; 
 Под влияньем вдохновенным 
 Чаш, и звуков, и цветов 
 На треножнике священном 
 Вновь я жертвовать готов...


Но зачем огонь бледнеет, 
 Пар бежит от алтаря? 
 Не прохлада ль утра веет, 
 Не блеснула ль там заря? 
 Чьи пронзительные крики 
 Воздух воплем потрясли, 
 Что за пасмурные лики 
 Появилися вдали?


Сквозь последний сумрак ночи 
 Узнаю предтечей дня, 
 Их пронзительные очи 
 Леденят и жгут меня; 
 Гаснет пламень вдохновенья 
 Под размахом бурных крил, 
 И святые песнопенья 
 Дерзкий хохот заглушил!


Разом смолкнули напевы, 
 Стихнул пиршественный звон, 
 Прочь испуганные девы 
 Разлетаются, как сон; 
 Тщетно их молю и кличу -- 
 Утопают в блеске дня, 
 И мучителям в добычу 
 Беззащитно предан я!


Сдвинут вихрем ядовитым, 
 С громом жертвенник мой пал, 
 Звон по арфам позабытым 
 Разногласный пробежал, 
 И, с предсмертным содроганьем, 
 Отлетает жизнь струны, 
 И язвительным дыханьем 
 Вновь цветы поражены.


И -- двойник неумолимый -- 
 Кто-то слух терзает мой 
 И насмешкой нестерпимой, 
 И бездушной клеветой; 
 То замру я, леденея, 
 То очувствуюсь в огне, 
 Будто коршун Прометея 
 Разрывает сердце мне!


"
"13",1834,"«Гневен, мрачен и могуч...»","Гневен, мрачен и могуч, 
 На крылах громовых туч, 
 Донебесным великаном 
 Над песчаным океаном, 
 Ураган во мгле ночной 
 Встал, -- и Нил зовет на бой!


Под размахом вражьих крыл 
 Ото сна воспрянул Нил. 
 Злостью грудь его трепещет, 
 Рвется, пенится и блещет 
 Волн сердитых чешуей, 
 Как змея своей броней.


Сшиблись! Ужас и краса -- 
 Эта битва!.. Небеса 
 И земля гремят и стонут, 
 То в пыли и мраке тонут, 
 То при молниях вокруг 
 Скачут брызги как жемчуг.


Рев и гул и вой окрест!.. 
 Как орел, вскружась до звезд 
 И бросаясь с небосклона, 
 Вихорь волны бьет с разгона 
 И в растерзанный поток 
 Сыплет громы и песок.


Всей громадой бурных вод 
 Бездна Нила восстает, 
 Будто пастью крокодила 
 Пыль и громы поглотила, 
 И над ними, как скалы, 
 Снова сдвинула валы.


Вдруг, собрав остаток сил, 
 Вихрь полстепи закружил -- 
 И упал. Из крутояра 
 Волны силою удара 
 Вышиб прочь -- и с двух сторон 
 Их, как рать, рассеял он.


Необуздан, в города, 
 В села, в рощи, на стада 
 Гонит бурные разливы, 
 Рвет деревья, топит нивы 
 И во глубь своих песков 
 С торжеством уходит вновь.


"
"14",1834,"«Лучом животворным зарю зажигая...»","Лучом животворным зарю зажигая, 
 Дух света незримый парит над землей, 
 И, в пурпур прозрачный лазурь одевая, 
 Рубины и перлы он сыплет росой, 
 Облака из дыханья цветов образует, 
 В серебре их купает и как море волнует.


Одетая тучей, черна как в ночи, 
 Гроза убегает на скат небосклона; 
 Но, сыплясь с востока, во глубь ее лона, 
 Как стрелы, несметно вонзились лучи, 
 И будто бы кровью из ран облитая, 
 Падет, закрасневшись, громада седая.


И там, где дух бурь рассыпался огнем, 
 Где ангелы мрака в громах окликались, 
 Волна за волною лучи разыгрались, 
 Сверкая в пространстве небес голубом, 
 И вспыхнуло небо в разливах сиянья, 
 Светло и спокойно, как в утро созданья.


"
"15",1834,"«Взгляни ж на землю! Вот она...»","Взгляни ж на землю! Вот она -- 
 Как из насильственных объятий 
 Освобожденная жена, 
 Борьбы и ужаса печати 
 Еще с прекрасного чела 
 Она изгладить не могла. 
 Коса и локоны развиты, 
 Глаза в слезах, уста раскрыты, 
 И тщетно силится вздохнуть 
 Ее истерзанная грудь.


Подобный вид земля явила 
 На берегах обширных Нила, 
 С волнами, вихрем и грозой 
 Изнеможенная борьбой. 
 Как будто ризою раздранной, 
 Она оделась в пар туманный, 
 Но всюду раны виден след, 
 Где ни пробьется утра свет: 
 Там волны бурного потока 
 Ей грудь изрезали глубоко, 
 Здесь гром рассек ее чело, 
 А тут власы ее кудрявы, 
 Ее зеленые дубравы, 
 Грозой всклочило и пожгло. 
 Напрасно в блеске грани чудной 
 На луг недавно изумрудный 
 Кристаллы сыплются росы: 
 Как будто лезвием косы, 
 Обезображенный набегом 
 И мутной влаги и песков, 
 Предстал он взору грустным брегом 
 Без аромата, без цветов. 
 Нигде, как прежде, не толпятся 
 На тучных пажитях стада, 
 И кущи сел и города 
 Окрест в развалинах дымятся.


О, если б с ближней пирамиды 
 Взглянул в ту пору кто-нибудь, 
 Какой тоской окрестны виды 
 В нем возмутили б ум и грудь! 
 Разрушен бранью вековою, 
 Печален край, свидетель сеч; 
 Но здесь не брань, не огнь, не меч -- 
 Здесь божий гнев прошел грозою! 
 Тот гнев-каратель, кто кругом 
 Равно цветы и пальмы косит 
 И без ошибки мстящий гром 
 На обреченного приносит 
 И в самом сумраке ночном.


"
"16",1834,"«Там, где лотоса цветами...»","Там, где лотоса цветами, 
 Разнесенными грозой, 
 Как блудящими звездами, 
 Нил усеян голубой, 
 Где то вскроется могила, 
 То гора встает из волн, 
 Без весла и без кормила 
 Ветер носит легкий челн.


В челне дева молодая 
 В пышной ризе и цветах, 
 Перевита дорогая 
 Цепь в густых ее кудрях; 
 Но с нарядом несогласна 
 Бледность смертная лица. 
 И поникнул лик прекрасной 
 К персям юноши пловца.


В их очах -- туман испуга; 
 Но любовь еще сильна, 
 И не вырвет друг у друга 
 Их ни вихорь, ни волна. 
 Будто скованы их руки, 
 Мысль одна у них в груди: 
 Жизнь ли, смерть ли впереди, 
 Только б не было разлуки!


Вдруг огромный и крутой 
 Вал пловцам навстречу хлынул, 
 Челн, как пух, из бездны вскинул 
 На хребет высокий свой. 
 Он несет их, полных страха, 
 Между безднами кружит 
 И у берега с размаха 
 Ношу бросил на гранит.


"
"17",1834,"«Из родины чудес, где Инда льются воды...»","Из родины чудес, где Инда льются воды, 
 Где густо разрослись священных рощей своды, 
 Где, жарко некогда кипевшее в огне, 
 Остыло золото в нагорной глубине, 
 И яхонт и алмаз наводят мысль, что боги 
 Развалинам свои там предали чертоги, -- 
 Поднявшись от цветов на крыльях ветерка, 
 Чуть видны, плавали в лазури облака.


Как, в бархате ковров роскошно утопая, 
 Гарема пышного царица молодая, 
 Когда вокруг нее туманом голубым 
 С курильниц дорогих душистый вьется дым, 
 И пламенного сна, подобную виденью, 
 Ее прозрачною окидывает тенью, -- 
 Так Пери, при луне, в безмолвии ночном, 
 Летящих облаков обвита серебром, 
 Беспечно вверившись воздушному их лону, 
 Несется, легкая, как звук по небосклону.


И виденье вслед виденью 
 Развиваются пред ней, 
 То окинутые тенью, 
 То в сиянии лучей: 
 Вон, как скатерти шелковы, 
 Видны темные дубровы 
 И озера в их глуши, 
 Будто сребряны ковши; 
 По краям холмов вершины 
 Озаренные стоят, 
 Словно духи-исполины 
 За трапезою сидят.


Вон степь -- урагана широкое ложе, 
 Сама золотая при блеске лучей, 
 А скалы нагие пестреют на ней, 
 Как черные пятна по барсовой коже. 
 Потоки меж ними как змеи скользят 
 И в области смерти о жизни звучат; 
 И пальмы, внимая призванию их, 
 Сошлися толпою у струй голубых 
 И смотрят с курганов на волны песчаны, 
 Кивая косматой своей головой, 
 Как будто бы кличут к себе караваны, 
 Чтоб дать им защиту в полуденный зной.


Степи резким рубежом, 
 Горы сдвинулись кругом; 
 Их подошву омрачая, 
 Морем туча громовая 
 Вдоль гребнистого чела 
 Необъятная легла. 
 И как остров, возникая 
 Из среды туманной мглы, 
 Здесь торчит хребет скалы, 
 Дальше льдина вековая, -- 
 И мелькают при луне 
 В чудных образах оне: 
 То хрустальный блещет терем, 
 То грозит седой колосс, 
 То под тенью страшным зверем 
 Поднял голову утес.


За ними -- бездна голубая, 
 Подобна блеском небесам, 
 Трепещет в ней луна другая, 
 Другие звезды блещут там. 
 Но как огромными крылами 
 Над ними вея парусами, 
 За кораблем корабль бежит, 
 Разочаровывая вид, -- 
 Меж двух небес, в пучине света, 
 Они на дышащем стекле 
 Скользят как тень, как у поэта 
 Земная дума на челе.


И вот исчезло всё: дубровы, степи, море, 
 И Пери носится высоко на просторе, 
 И гимн ночных светил ей слышен издали. 
 Но грань положена меж неба и земли. 
 Немея, крылья там земные тяготеют, 
 И ангелы ее переступить не смеют, 
 С тех пор как прелести и ласки дев земных 
 Преступно увлекли прекраснейших из них, 
 Чтоб, свергнуты с небес, лишенные сиянья, 
 В тоске мучительной, в мольбах без упованья, 
 Несбыточных надежд влачили грустный век 
 И плакали о них, как плачет человек.


Но мысли, Эдема лучи золотые, 
 Бессмертьем зажегшие грудь, 
 Летят без преград за пределы земные, 
 В обратный на родину путь: 
 Их манит сиянье родного потока, 
 Им грустно в темнице светить одиноко, -- 
 В источнике света хотят утонуть. 
 И пламенной мыслью приблизилась Пери 
 К заветным эдемским дверям, 
 Но страшно и мыслью проникнуть за двери: 
 Судья ей, преступнице, -- там! 
 Ей чудятся хоры, небесные звуки; 
 Волнуется море сиянья кругом: 
 О, сколько отрады, и грусти, и муки!.. 
 Улыбка блеснула -- и слезы ручьем! 
 И пали на грудь ей их жаркие волны. 
 Из сердца уходит пленительный сон, 
 И, холодом вея, пустынный, безмолвный, 
 Опять ее обнял земной небосклон.


Свой блеск последний звезды мещут; 
 Но там, вдали, кипят и блещут 
 Живые волны янтаря. 
 И, бледным золотом сияя, 
 Полнеба тихо обнимая, 
 Как море, льется там заря. 
 И облака, что в ночь носились 
 Высоко с Пери молодой, 
 Светлея, долу опустились, 
 Как бы влекомые зарей; 
 Сперва над влагой золотистой 
 Катились пеной серебристой, 
 Потом, повиснув над землей, 
 В хрустальный замок превратились, 
 И вдруг в сияньи растопились 
 И пали радужной росой.


И, блестящие росою, 
 Над поверхностью земною, 
 Пери тихо развила 
 Светозарных два крыла. 
 Но какой земли равнина 
 Ей открылась с высоты? 
 Роз ли видны Низибина 
 Снежно-белые кусты? 
 Иль горят огнем рубина 
 Кашемирские цветы? 
 Не родных ли волн Гангеса 
 Слышен шум под сводом леса, 
 Или плещет Иордан, 
 И вдали, огромной тучей, 
 Кедров бор неся дремучий, 
 Подымается Ливан?


На цветы, леса и волны 
 Пери взор, вниманья полный, 
 Долго тщетно устремлен: 
 Их узнать не может он! 
 Вдруг на скате небосклона 
 Солнце вспыхнуло -- и вот 
 На высокий лик Мемнона, 
 Как блестящая корона, 
 Первый луч его падет. 
 Грудь немая истукана 
 Теплотой оживлена, 
 Звуком громкого тимпана 
 Содрогнулася она. 
 Цепью дальних гор и долом 
 Прокатился чудный звон, 
 И царя степей глаголом 
 Край окрестный пробужден. 
 С вековых гробниц пустыни 
 Утра пар слетает синий, 
 Отблеск дня передает 
 Пирамиде пирамида, 
 И с вершины их падет 
 Яркий свет в лазурь Мерида, 
 Где, разлив дневных лучей 
 Возвещая громким криком, 
 В тростнике проснулась диком 
 Стая вольных лебедей; 
 Звучно их плеснули крыла, 
 С шумом стая поднялась 
 И к волнам раздольным Нила 
 Светлой нитью понеслась.


"
"18",1834,"«И Пери вслед за лебедями...»","И Пери вслед за лебедями 
 Кружит над нильскими водами. 
 Но сжата грудь ее тоской! 
 Увы, печальнее кладбища 
 Луга, и нивы, и жилища, 
 Опустошенные грозой 
 И Нила бурною волной. 
 И прочь от грустного предела 
 Уже лететь она хотела. 
 Вдруг тихий плач сквозь говор вод 
 Остановил ее полет, 
 И Пери видит раздробленный 
 Об острый камень и песком 
 До половины занесенный 
 Челнок на береге крутом.


Вблизи, под кручью скал, на каменных ступенях, 
 И бледен и уныл, как призрак гробовой, 
 Склонился юноша: на трепетных коленях 
 Покоя голову подруги молодой 
 И очи устремя в ее недвижны очи, 
 Он тихо шепчет ей: «Звезда моя, взгляни! 
 Рассей холодный мрак моей сердечной ночи, 
 Из розы нежных уст любовию дохни!.. 
 Скажи, что ты живешь!.. Я чувствую, я верю -- 
 Две страстные души взаимную потерю 
 Заране узнают: в грозу, под громом вод, 
 Я б сердцем услыхал души твоей полет!»


Мольба напрасная! Покрыты 
 Могильной бледностью ланиты 
 Прекрасной девы; взор потух, 
 Словам любви не внемлет слух; 
 Ни разу грудь не встрепенется; 
 И только кровь из ран ея, 
 Где вгрызлись камней острия, 
 Полузапекшаяся льется!


И с громким воплем обхватил 
 Труп девы юноша несчастный, 
 Прижал к груди безумно-страстно, 
 Уста к устам ее склонил, 
 Как будто пламенным дыханьем, 
 Как будто огненным лобзаньем 
 В ее бесчувственную грудь 
 Хотел всю жизнь свою вдохнуть. 
 Надежда тщетная!.. Свалился 
 Тяжел остывший труп немой, 
 Лишь на плече остановился 
 Окостенелою рукой, 
 Да заструившись, как живая, 
 Коса рассыпалась густая, 
 Блестя при солнечных лучах, 
 Как ключ сверкающий в горах.


Ожесточенный, мрачный, злобный, 
 Стреле отравленной подобный, 
 Страдалец бросил к небу взор, -- 
 Немой, но дерзостный укор! 
 Взглянул на труп -- и, полный муки, 
 Еще к пылающим устам 
 Прижал уста, и грудь, и руки... 
 И пал без чувств к его ногам.


"
"19",1834,"«Состраданием и страхом...»","Состраданием и страхом 
 Пери вдруг поражена; 
 Близ страдальца пред Аллахом 
 Пала ниц в слезах она. 
 «О, пошли ему, -- молила, -- 
 Мира ангела, Алла! 
 Скорбь в нем веру погасила, 
 Разум страсть превозмогла! 
 Не даруй -- да грешный ропот 
 Будет гибелью души!..»


Но тяжелый вздох и шепот 
 Ей послышались в тиши: 
 Пери к юноше припала, -- 
 Грудь в ней робко трепетала. 
 Бедный жив!.. И страшно ей, 
 Чтобы ропотом бессильным 
 Он мученьям замогильным 
 Не обрек души своей, 
 Чтоб кончины ангел нежный, 
 Слыша вопль его мятежный, 
 Устрашен, не отлетел 
 И, о гибнущем тоскуя, 
 Мирового поцелуя 
 Дать устам его не смел!


И печальным размышленьем 
 Пери вновь увлечена. 
 Вдруг -- как будто вдохновеньем 
 Оживилася она: 
 «Знаю, замысел мой грешен, 
 Но да будет грех свершен, 
 Если скорбный им утешен, 
 Падший небу возвращен! 
 Заповедано от века 
 Светлым Пери -- человека 
 Не прельщать своей красой. 
 Но, как звук струны послушный, 
 Лик рассеявши воздушный, 
 Образ я приму земной; 
 И, оспорив у могилы, 
 Труп, еще страдальцу милый, 
 Оживлю моей душой; 
 И к нему подругой нежной, 
 Чтоб не гибнул безнадежный, 
 В час предстану роковой. 
 Как она, с тоской, с любовью, 
 Я приникну к изголовью, 
 Нежный взгляд ее возьму, 
 Звук речей ее приму, 
 Чтоб, словам моим внимая, 
 В нем невольно, умирая, 
 Примирилась с небом вновь 
 Благодарная любовь!»


"
"20",1834,"«Едва замолкнула -- и Пери образ ясный...»","Едва замолкнула -- и Пери образ ясный, 
 Как в темном облаке свет радуги прекрасной, 
 Как легкая струя дыхания цветов, 
 Растаял в воздухе и скрылся в царстве снов.


Но девы молодой бесчувственное тело 
 Внезапно жизнию роскошной закипело, 
 В холодном мраморе поблекнувших ланит 
 Кровь снова пламенем и пурпуром горит. 
 Улыбкой томною уста ее зажглися, 
 Как утренний туман, ресницы поднялися, 
 Но в темное стекло погаснувших очей 
 Едва проникнул свет пронзительных лучей, 
 Вздохнула тяжко грудь, уста затрепетали, 
 Из них исторгся крик -- звук боли и печали, 
 С каким, предчувствуя страданья впереди, 
 Душа приемлет жизнь в младенческой груди.


О Пери, Пери! Тщетно крыла 
 Ты вновь хотела б развернуть! 
 Уж человеческая грудь 
 Тебя мучительно стеснила! 
 В какую бездну темноты 
 Из моря блеска пала ты! 
 К лучам пылающим привычный, 
 В пространстве неба безграничный, 
 Внезапно твой потускнул взор, 
 Как бы подернутый туманом 
 Очей в вместилище стеклянном; 
 И неба ясного простор, 
 Где недоступные светила 
 Ты беспрепятственно следила, 
 Теперь как будто бы потух 
 И тесно сдвинулся вокруг; 
 И этот воздух благовонный, 
 Который всюду за тобой 
 Вился душистою струей, 
 Весной и блеском напоенный, -- 
 И он вокруг тебя сгущен, 
 Твоим дыханьем заражен!


На раздолье, на просторе 
 Вольны волны льются в море, -- 
 С ветром спорят быстротой, 
 С солнцем -- блеска красотой; 
 Но из родины прозрачной 
 Заключенные в сосуд, 
 Волны тихи, волны мрачны, 
 Не блестят и не бегут. 
 Как живые волны моря, 
 Быстротой с лучами споря, 
 Мысли Пери от земли 
 Смело вдаль ее несли, 
 Вдруг, лишенны сил, смутились, 
 В мрак внезапный погрузились: 
 Узкий череп стиснул их 
 В костяных стенах своих. 
 И забот земных тревога 
 В них нестройно поднялась: 
 С мыслью, яркой искрой бога, 
 Жизнь телесная слилась!


И грустные на Пери бросил тени 
 Мир новых дум и чувств и впечатлений, 
 Все трудности земного бытия 
 Предстали вдруг понятиям ея -- 
 Она несет в заимствованном теле 
 Страдания, ей чуждые доселе: 
 Ей темя жжет полудня острый луч, 
 От жажды грудь горящая томится 
 И кровь ее, как нефти жаркий ключ, 
 Огнем из ран пылающих струится.


Но и средь мук увлечена 
 Невольным чувством состраданья: 
 «О люди! бедные созданья! -- 
 Уныло молвила она. -- 
 Как много силы и терпенья, 
 Как много веры надо вам, 
 Чтоб в дни подобного мученья 
 За жизнь, в пылу ожесточенья, 
 Не слать упреков небесам!» 
 И взор ее, участья полный, 
 На юношу страдальца пал, 
 Который, бледный и безмолвный, 
 Еще у ног ее лежал...


И сердце, как арфа, чьи струны молчали, 
 Но вдруг под незримым перстом зазвучали, 
 Мелодией стройной ей подало весть, 
 Что в жребии смертных и радости есть. 
 И Пери прижала к груди своей руки, 
 Полна упоенья, не смея дышать, 
 И слушает жадно ей новые звуки, 
 Хоть тайны их чудной не может понять. 
 Но грудь ее темным зажглась упованьем, 
 Но жизнь человека, грозившая ей 
 За мукою мукой, сцепленьем скорбей, 
 Как будто блеснула волшебным сияньем, 
 И прелесть той жизни угадывал ум 
 В волненьи доселе неведомых дум.


Какой же тайной, дивной власти 
 Рассудок Пери предала? 
 Увы, она чужие страсти 
 В груди угаснувшей зажгла! 
 И за поступок свой преступный 
 Душой, им прежде недоступной, 
 Их в казнь от неба приняла! 
 И всё, что страстного таилось 
 При жизни девы молодой, 
 В ее останках оживилось, 
 Как яд одежды роковой, 
 Согретый персей теплотой! 
 И сердце вновь заговорило 
 Понятным трепетом своим, 
 И тот, кого оно любило, 
 Опять им пламенно любим!..


"
"21",1834,"«И Пери грудь волнуется мятежно...»","И Пери грудь волнуется мятежно; 
 И взор ее, задумчивый и нежный, 
 На юношу был долго устремлен. 
 Но жизнь в немых чертах его не блещет, 
 И мысль ее сомнением трепещет: 
 Не смертный ли запечатлел их сон? .. 
 И чтоб решить печальное сомненье, 
 Груди его коснулася она, 
 И эта грудь как мрамор холодна! 
 Но слабое приметно в ней биенье, 
 Но сердце в ней, чуть слышное, звучит, 
 И тихий звук как пламя в душу льется, 
 И громко он на сердце отдается, -- 
 И мир любви неведомой открыт!


И боль, и собственные муки 
 Забыв, на трепетные руки 
 Страдальца Пери приняла; 
 Над ним склонилась на колени, 
 Как ива плачущая сени, 
 Густые кудри развила, 
 Чтоб ране, вдоль чела открытой, 
 Была хоть слабою защитой 
 От зноя солнечных лучей 
 Живая прядь ее кудрей. 
 И за прерывистым дыханьем 
 Своим заботливым вниманьем 
 Следит, недвижная, она, 
 Одною мыслию полна, 
 Чтоб жизни гаснущие силы 
 Опять в груди его зажечь, 
 Чтоб в цвете лик увидеть милый, 
 Чтоб слышать сладостную речь!..


И грудь взыграла теплой кровью, 
 Как бы согретая любовью. 
 Вздохнул -- и тихо наконец 
 Глаза открыл полумертвец, 
 И если б ангелы для Пери 
 Отверзли вдруг Эдема двери, 
 Всем блеском радужных лучей 
 Не отвлекли б ее очей. 
 Так в этот взор, едва блеснувший, 
 Взор Пери страстно погружен! 
 И негу пьет роскошно он, 
 В его сияньи утонувши, -- 
 Как влагу сладкую росы, 
 В венок проникнув серебристый, 
 Из лона лилии душистой 
 Луч солнца в ранние часы!


А он? .. И радость и сомненье 
 В его болезненных чертах! 
 «Быть может, это сновиденье?» -- 
 Рассудку шепчет тайный страх. 
 Но нет!.. он чувствует дыханье, 
 Чело палящее, и рук, 
 Его обнявших, трепетанье, -- 
 И даже сердца близкий звук.


«Ты ль это? -- воскликнул. -- О, что ж со мной было? 
 Какой же мне страшный привиделся сон! 
 Скажи ж, что живешь ты! Скажи мне, друг милый, 
 Что рай мой мне снова в тебе возвращен! 
 Боюсь еще верить, не призрак ли вижу? 
 О, пусть же твой сладкий я голос услышу!»


Но Пери слов не слушает: она, 
 Лишь голоса гармонии внимая, 
 В его поток душой погружена. 
 И что звонки пленительные рая, 
 Что звучная эдемская волна, 
 И хор духов, и песни страстных гурий, 
 И гимн светил в надоблачной лазури, 
 И ангела поющая струна? 
 Их звуки в грудь не так роскошно льются, 
 И долго так в душе не остаются...


Ее молчаньем поражен, 
 Страдалец тихо приподнялся, 
 И молит робким взором он, 
 Чтоб милый голос отозвался. 
 Но Пери нежный стан дрожит, 
 Но кровь из ран ее бежит, 
 И он, собрав остаток силы, 
 Спешит помочь подруге милой:


«О, ради неба! Что с тобой? 
 Мои не слышишь ты моленья, 
 Бледна, безмолвна, без движенья, 
 И льется кровь из ран струей, 
 И эти раны зноем пышут, 
 Таясь в раскинутых кудрях; 
 Твои уста как пламя дышат, 
 Недуг горит в твоих очах!»


И рукой дрожащей плечи 
 Окровавленные он 
 Обнажил; но тихой речи 
 Звоном вдруг остановлен: 
 «О, забудь про эти муки! 
 Верь, и я забыла их; 
 Но заслушалась я в звуки, 
 В звуки грустных слов твоих: 
 Веял дивною мечтою 
 Голос твой душе моей, 
 И тонула я душою 
 В небесах твоих очей. 
 Милый! Что мои страданья!


Им не нужны врачеванья. 
 Но в моем волшебном сне 
 Дай забыться мне вполне! 
 Пусть блеснет твой взор мятежный 
 Светом тихого огня, 
 Пусть мне скажет голос нежный.,. 
 Милый! Любишь ли меня?..»


«Я люблю ли?.. Розы страстной 
 Так не любит соловей, 
 Ночь -- звезды своей прекрасной, 
 Небо -- радуги своей! 
 Как в волнах морских прохлада, 
 Огнь в рубине винограда, 
 Запах сладостный в цветах, 
 Звук пленительный в струнах, 
 Так любовь к тебе таится 
 Глубоко в груди моей; 
 И когда на утре дней 
 Грустный жребий мой свершится, 
 Сердце милый образ твой 
 В гроб возьмет еще с собой!»


И с упоеньем Пери внемлет 
 Волшебству полных страсти слов. 
 С таким волнением приемлет 
 Их только первая любовь. 
 Ей каждый звук лучом палящим 
 На сердце падает, и в нем 
 Душистым, пышным и блестящим 
 Он развивается цветком. 
 И свет, в груди ее разлитый, 
 Проникнул, розовый, в ланиты, 
 Блеснул улыбкой на устах 
 И неги пламенем в очах.


Она любовника, в забвеньи, 
 Руками страстно обвила, 
 И было чудно выраженье 
 Ее прекрасного чела: 
 Ее уста не говорили, 
 Но очи, полные огнем, 
 Еще волшебных слов молили 
 Красноречивым языком.


"
"22",1834,"«А бедный юноша печально...»","А бедный юноша печально 
 Терялся взором в степи дальной 
 И меж окрестных диких скал 
 Очами помощи искал. 
 Но всё кругом безмолвно было; 
 И чтобы сердце как-нибудь 
 Еще надеждой обмануть, 
 Склонился он к подруге милой, 
 Ее привлек к себе на грудь 
 И тихо молвил: «Как уныла 
 Страна, куда жестокий рок, 
 Мой пышный, нежный мой цветок, 
 Тебя занес, моя Леила! 
 Но пусть и самый солнца свет 
 В пустыне этой потемнеет, 
 Ты не увянешь, милый цвет, 
 Тебя любовь моя согреет!..»


Но что же Пери светлый лик 
 Потух внезапно и поник? 
 В ее очах печальной тенью 
 Какой-то мрачной мысли мгла, 
 Как туча по небу, прошла 
 И сердце предала волненью.


Увы! одно слово меж сладостных слов, 
 Как дух-возмутитель меж светлых духов, 
 Душе ее, тихим объятой забвеньем, 
 Внезапно предстало враждебным виденьем. 
 И вновь ей мечтами любви не уснуть! 
 Ей ревность тревогой наполнила грудь: 
 «Леила!» -- бледнея, уста повторяют, 
 И слезы струятся, и очи пылают.


С неизъяснимою тоской 
 Живые признаки печали 
 Глаза любовника читали 
 В чертах подруги молодой. 
 Внезапных слез ее не может 
 Понять причины тайной он; 
 Но эта скорбь его тревожит, 
 Но он, участьем увлечен, 
 Любовью мыслит успокоить 
 Ее тоскующую грудь, 
 И ласки хочет он удвоить, 
 Чтоб негой сердце обманут 
 И, стан ее объемля стройный, 
 Чело к челу ее склонил, -- 
 И долгий, сладостный и знойный 
 Их поцелуй соединил... 
 О, что же с Пери? Кровь пылает, 
 Все члены трепет проницает, 
 Смутились мысли... И она, 
 Безумной страстию полна, 
 «Прости, прости меня! -- сказала. -- 
 В твоих объятиях не та, 
 О ком душа твоя страдала. 
 Твоя любовь -- одна мечта! 
 Леилы нет! Твоей потери 
 Уже ничем не возвратить. 
 Но я клянусь тебя любить, -- 
 А я не смертная, -- я Пери!..


Там, где Каф-гора встает 
 Из пучины бурных вод 
 И, покрытая снегами, 
 Бесконечными хребтами 
 Дважды вкруг земли идет, 
 Означая солнца ход; 
 Где льды, неприступной возникнув стеною, 
 Роскошные долы таят меж собою, 
 Там скрытый и мирный приют на земли, 
 Изгнанницы неба, мы, Пери, нашли.


Там природа -- чудный сон; 
 Нам не светит небосклон, 
 Но окрестных скал вершины, 
 Изумруды и рубины, 
 Светом яркого огня 
 Пламень солнца заменя, 
 Нас радужным блеском что день осыпают; 
 Когда же вечерней порой потухают, 
 Свет лунный струится из лона цветов 
 И блещут лампады ночных мотыльков.


В наших рощах и садах 
 Дерева всегда в цветах; 
 И как ветер их колышет, 
 Каждый лист как будто дышит, 
 Гармонически звучит 
 И алмазами горит. 
 Под сению миртов, с поверхности чистой, 
 Озера нам веют прохладой душистой, 
 Из гротов кристальных источники бьют, 
 И стройные песни нам волны поют.


Без трудов и без забот, 
 Наших дней беспечен ход: 
 То веселыми толпами 
 Мы кружимся меж цветами, 
 То играем на волнах, 
 То купаемся в лучах; 
 Иль, тихо друг с другом меняясь мечтами, 
 Мечты развиваем прелестными снами, 
 Потом их разносим вечерней порой 
 И сыплем незримо над спящей землей.


Но, как вспыхнет темя гор, 
 Арф эдемских строим хор, 
 Чтоб на родину их звуки 
 Скорбь мучительной разлуки 
 К трону Аллы от земли, 
 Умиленные, несли. 
 И, тесно обвившись друг с другом руками, 
 Вослед этим звукам летим облаками, 
 С надеждой стремимся на радужный путь, 
 И сладостной думой волнуется грудь...


Но пускай еще для нас 
 Отдален прощенья час: 
 Что мне ныне прелесть рая! 
 Жизнь прекраснее земная, 
 Если пламенной душой 
 Ты поделишься со мной. 
 Как амвры дыханье, как звук поцелуя, 
 Тебя в наш цветущий приют унесу я, 
 И там, чтоб блаженство вполне довершить, 
 Подруг моих, милый, научим любить!»


"
"23",1834,"«Но юный друг ей молча внемлет...»","Но юный друг ей молча внемлет, 
 И тайный страх его объемлет, 
 И взор недвижно устремлен, 
 И в этом взоре скорбь и мука. 
 Прервать молчанье хочет он, 
 Уста трепещут, -- но без звука, 
 Как арфа, чьих согласных струн 
 Коснулся гибельный симум... 
 В рассказе Пери дивном, странном, 
 В ее признании нежданном 
 Невероятно всё ему, 
 Всё чуждо светлому уму. 
 И страшной мыслью он трепещет, 
 Что взор ее, который блещет 
 Каким-то светом неземным, 
 Горит безумием одним...


Но тайное Пери проникла волненье 
 И мыслит с улыбкой: «Разрушу сомненье! 
 Невольно поверит он чудным словам, 
 Как духом блестящим предстану очам, -- 
 Его моих взоров осыплю звездами, 
 Как паром душистым повею кудрями, 
 Чтоб он, утопая со мной в небесах, 
 Забыл на земле им покинутый прах!»


Трудным вздохом подымая 
 Человеческую грудь, 
 Разом Пери молодая 
 Хочет крылья распахнуть; 
 Но напрасно рвутся крылья, 
 Слабы тщетные усилья, -- 
 Грудь в объятиях своих 
 Силой жизни держит их.


Изумлением и страхом 
 Пери мысль поражена; 
 С оживленным ею прахом 
 Долго борется она: 
 Нет спасенья! Уступает 
 Воля силе роковой... 
 Уж она изнемогает 
 Утомленная борьбой; 
 Но, на грудь, под ризой белой, 
 Руки стиснувши крестом, 
 Ненавистное ей тело 
 Рвет в отчаяньи немом!


Увы, не мог перенести 
 Ее страданий друг Леилы! 
 От исступления спасти 
 Ее стремится он, но силы 
 Погасли вдруг; растравлена 
 И напряженьем и тоскою, 
 Раскрылась рана -- и волною 
 Кровавой хлынула она. 
 Из уст исторгся звук дрожащий, 
 Но говорить уж он не мог: 
 Он только взор возвел молящий 
 И мертвый пал у милых ног.


Разом громкий вопль раздался, -- 
 В сердце степи он проник; 
 Но никто не отозвался, 
 Кроме скал, на этот крик. 
 И в беспамятстве пустынным 
 Пери берегом бежит; 
 Скалы идут рядом длинным, 
 Нил у ног ее шумит. 
 Только нет в стране безлюдной 
 Человеческих следов; 
 По кремням и меж песков 
 Бег её измучил трудный, -- 
 И, склонившись на скалу, 
 Пери вновь недвижна стала. 
 Голова на грудь упала, 
 Бледность смерти по челу, 
 В мыслях мрак темнее ночи... 
 Сердце смолкнуло в ней вдруг, 
 И бессмысленные очи 
 Бродят медленно вокруг.


"
"24",1834,"«Погаснул день, ложится мгла ночная...»","Погаснул день, ложится мгла ночная; 
 Прохладою на берег веет Нил. 
 Он, Пери грудь дыханьем освежая, 
 И чувства ей и память возвратил. 
 Она очнулася, обильно слезы льются; 
 И перси вновь на прах ей милый рвутся, 
 Но в темноте обратного пути 
 Среди песков сыпучих не найти. 
 И на скалу она, безмолвна, села, 
 Унылый взор на звезды возвела: 
 Молиться бы несчастная хотела, 
 Но слов она и мыслей не нашла. 
 Порой уста дрожащие шептали, 
 Но только смерть на помощь призывали.


Смерть не шла; но, прежде ей 
 Утешитель незнакомый, 
 В море призраков несомый, 
 Сон сомкнул ее очей 
 Утомленные ресницы, 
 Мысли вихрем закружил, 
 И страданию границы 
 Он забвеньем положил.


И Пери вдруг пленительные звуки 
 Услышала, она узнала их: 
 То голоса подруг ее младых. 
 «Ко мне! ко мне, прекрасные подруги!»


«Долго в темной вышине 
 Светлым облаком оне 
 И кружились и сияли, 
 Появлялись, исчезали, 
 И, как будто бы дождем 
 Вдруг рассыпавшись шумящим, 
 Роем, радужно блестящим, 
 Пали на землю кругом. 
 «Ты ли, милая? -- сказали. -- 
 Мы давно тебя искали, 
 Внемля жалобам твоим. 
 Из мучительной неволи 
 Мы одним мгновеньем боли 
 Вновь тебя освободим!»


С собой они из дальних стран земли 
 Душистые цветы и ветви принесли, 
 И между скал бесплодной степи вмиг 
 Из тех ветвей костер уже возник, 
 И слышен гимн; и, гимну их внимая, 
 Ободрена присутствием сестер, 
 Страдалица без страха молодая 
 И радостно восходит на костер.


Дым бежит в струях душистых, 
 В искрах ярко-золотистых 
 Пламень Пери обхватил. 
 Но не пламень это был, -- 
 Это юноша ей милый, 
 Светозарный, златокрылый, 
 Нежным, розовым огнем 
 Вдруг возникнул над костром. 
 Он палящими устами 
 Грудь ее облобызал, 
 Обнял жаркими крылами, 
 Из костра ее умчал. 
 И огню лобзаний страстных 
 Пери смутно предалась, 
 Грудь в объятьях сладострастных 
 Закипела и зажглась; 
 И, казалось, умирала, 
 Трудным трепетом дыша, 
 Будто тело покидала 
 Отрешенная душа!


И там, где звезд роскошный пламень льется, 
 Как вихрь чета любовников несется. 
 Навстречу ей -- вдруг призрак молодой, 
 Сияющий эдемской красотой. 
 Пери вновь затрепетала, 
 Крепче друга обняла, 
 Устрашенная узнала 
 Ту, чей образ приняла! 
 Но соперница младая 
 К ним приблизилась, сияя, 
 Друга тихо назвала, -- 
 И, в одно мгновенье ока, 
 В небо темное, далеко, 
 За собою увлекла.


И Пери вслед за ним хотела, 
 Но ею принятого тела 
 Вдруг тяжесть чувствует она. 
 Его мучительным давленьем, 
 Его стремительным паденьем 
 Она с небес увлечена; 
 Из бездны в бездну упадает, 
 То вихри снежные встречает, 
 То гор пылающих ко дну 
 Летит с разгона в глубину, -- 
 Летит...


"
"25",1834,"«И вдруг открыла очи...»","И вдруг открыла очи. 
 С земли сбегали тени ночи, 
 Лучами утра озарен, 
 Сиял румяно небосклон. 
 «О, что со мной? Еще ль живу я!» -- 
 Сказала бедная, тоскуя. 
 И долго мысль ее смутна, 
 И долго в ней недоуменье: 
 Во сне ль томится вновь она, 
 Иль уж не сон ее томленье? 
 Вперед без цели Пери шла; 
 Вдруг крик пронзительный орла 
 Среди безмолвия раздался: 
 Орел то в воздухе терялся, 
 То вновь на землю упадал, 
 И меж окрестными скалами, 
 Свистя огромными крылами, 
 Орлицу криком вызывал.


Пери вдруг остановилась. 
 Память быстро прояснилась: 
 Крик орла ей всё сказал. 
 Грудь в испуге задрожала: 
 Пери сердцем угадала, 
 На какой он пир скликал. 
 Этот страх дает ей силы, 
 За орлом следит она. 
 Вот упал ширококрылый, -- 
 Но добыча спасена. 
 Он испуганный поднялся 
 Вверх на каменный уступ,


И не тронутый достался 
 Драгоценный Пери труп... 
 Едва дыша от утомленья, 
 На тело милое, бледна, 
 Без слез, без жалоб, без движенья 
 Склонилась медленно она. 
 Безмолвно очи устремила 
 В черты недвижного чела, 
 И сил остаток собрала, 
 И грудью грудь его закрыла. 
 Но всё, что есть тоски и мук, 
 Когда возврата нет потере, 
 Немым отчаянием вдруг 
 Стеснило сердце бедной Пери.


Часы текут незримыми волнами, 
 Уже зажжен полуднем небосклон, 
 Горят пески, и душно меж скалами, 
 И зноем труп внезапно поражен. 
 Дохнула смерть из язв его тлетворно, -- 
 Вмиг ожили безмолвные скалы, 
 Гниющий труп почуяли орлы, 
 На высоте откликнулися горной, -- 
 Из гнезд чета слетает за четой 
 И смелые ширяют над землей. 
 Противиться им Пери бы хотела, 
 Но уж дышать близ трупа не могла, 
 К Другой скале невольно отошла 
 И с ужасом на страшный пир глядела.


Лучами острыми паля, 
 Зной жарче льется с яркой сени, 
 Как лава вспыхнула земля, 
 И скалы голые -- без тени. 
 И обнял Пери этот зной 
 Своей удушливой волной. 
 Пылают бледные ланиты, 
 Иссохла грудь, полураскрыты, 
 Уста поблекшие горят. 
 Вблизи ей слышны волны Нила, -- 
 Влечется к ним, -- но гаснет сила, 
 И вдаль с отчаянием взгляд 
 Она горящий обратила...


И суждено испить до дна 
 Ей чашу, полную страданий! 
 Других, неведомых терзаний 
 Вдруг боли чувствует она: 
 Какой-то коршун лютый, гладный 
 Когтями внутренность ей рвет, 
 На миг забыться не дает, 
 Ее терзая беспощадно. 
 И, -- страшно молвить, -- может быть, 
 Блуждая жадными очами, 
 Пир отвратительный с орлами 
 Она хотела б разделить!..


"
"26",1834,"«И этот день, мучительный, печальный...»","И этот день, мучительный, печальный, 
 Угаснул наконец; по скату степи дальной 
 Сверкали искрами струистые пески, 
 Как волны золотом осыпанной реки. 
 Еще не зримая, по сводам неба ясным 
 Ночь тихая неслась вослед за днем прекрасным, 
 И вечер, поцелуй любви стыдливой их, 
 На землю пролился, блистателен и тих.


Но в тишине и скорбь и муки 
 Вдвойне страданием гнетут, 
 И боль тогда имеет звуки, 
 И язвы громко вопиют, 
 И этим воплям Пери внемлет, 
 И всё в природе чуждо ей. 
 Напрасно тихий свет лучей 
 Ее сиянием объемлет 
 И вечер негою своей: 
 Ее ничто не ободряет, 
 Она не мыслит, не желает, -- 
 Так безнадежно предана 
 Своим страданиям она!..


И голова ее упала 
 Без сил на плечи; наконец 
 Потускли очи, как свинец, 
 И грудь приметно угасала. 
 Вдруг хор знакомых голосов 
 Ей слышен будто с облаков:


«Судья правосудный на троне сидит, 
 С любовью прощает, без гнева казнит!


Ты тяжкий грех пред богом совершила: 
 С земным в союз запретный ты взошла; 
 Земная жизнь ослушную казнила, 
 Чтоб муки ты земные поняла!


Но ты влеклась к проступку состраданьем, 
 И вздох любви на небе не забыт: 
 Искуплен грех любовью и страданьем, 
 А смерть -- творца с созданием мирит!


Судья милосердый на троне сияет, 
 Казнит он без гнева, с любовью прощает!»


Хор замолк; и светлых крыл 
 Кто-то яркими лучами 
 Разом Пери обхватил, 
 Слил уста с ее устами, 
 И незримыми перстами 
 Сердце вдруг остановил.


Цепь земная разорвалась 
 Легче звука и мечты, 
 Пери вольная помчалась 
 В беспредельность высоты; 
 И навстречу ей, сияя, 
 Из отверстой двери рая, 
 В виде ярких облаков, 
 Вылетает сонм духов. 
 И он, недавно столько милый, 
 С своей подругой светлокрылой 
 Предстал, как прежде, перед ней, 
 Но в блеске славы и лучей... 
 Она летит к чете прекрасной, 
 Приемлет дружеский привет: 
 Уже в душе ее бесстрастной 
 Любви и ненависти нет!


И сбылося упованье! 
 Там, где жизнь и ликованье 
 Без границ и без конца, 
 Где возвышено созданье 
 Лицезрением творца, 
 Образ ангела прекрасный 
 Пери снова приняла, 
 Вновь, как в утро жизни ясной, 
 Розой райской расцвела, 
 И, как дней ее в начало, 
 Вновь ничто не возмущало 
 Мира сладкого души. 
 Только в утренней тиши, 
 Как с земли вставали звуки, 
 Билась грудь ее трудней: 
 Мнилось -- прежние подруги 
 Откликались грустно к ней!


"
"27",1837,"«С поправкою своей мои стихи ты тиснул...»","С поправкою своей мои стихи ты тиснул, -- 
 Я басенкой за труд вознагражу тебя: 
 Рабочий вол коня случайно грязью вспрыснул; 
 Достоинство свое сознательно любя, 
 Не вспыхнул гневный конь порывом безрасчетным 
 И даже сталью ног волу не погрозил, 
 Но, чтоб не встретиться с запачканным животным, 
 С его дороги своротил.


"
"28",1837,"Урок : «Кто поверит -- ты мечтатель!..»","Кто поверит -- ты мечтатель! 
 Кто поверит -- ты дитя! 
 Сердце женщины предатель, 
 Любит, губит нас шутя. 
 Не ищи же в ней участья, 
 Не моли ее любви, -- 
 Нет, всей негой сладострастья 
 Ум цирцеи отрави, 
 Лейся лести тонким ядом, 
 Впейся в грудь змеиным взглядом, 
 Взором взор ее влеки, 
 И чаруя, и волнуя, 
 Знойной жаждой поцелуя 
 Мысль и кровь ее зажги. 
 Устоять она не может 
 В этой битве роковой, 
 И волшебный скипетр свой 
 Побежденная положит...


Но, счастливец, не спеши 
 Торопливо на признанье: 
 Нет, -- сомненье, нет, -- желанье 
 Прежде в грудь ей положи; 
 Устраши ее изменой, 
 Научи ее страдать 
 И внезапной переменой 
 Укажи Эдем опять; 
 Раздражительной беседой 
 То ласкай ее, то мучь! 
 Только трудною победой 
 В женском сердце ты могуч! 
 И прольет она в молчаньи 
 Слезы злости, может быть, 
 Но в тебе -- свои страданья 
 Будет женщина любить!


"
"29",1837,"Стих : «Не жажда имени, не гордое желанье...»","Не жажда имени, не гордое желанье 
 Привлечь к себе толпы невольное вниманье, 
 Не мысль надменная -- за гробом, может быть, 
 В моих созданиях мой пепел пережить -- 
 Тревогою меня томят и мучат знойной 
 И вырывают стих из груди беспокойной... 
 О нет! Он льется сам, он звук моей души, 
 От ней оторванный, но слышный мне в тиши. 
 Он в образ облечен, он стонет, он тоскует, 
 И грустью веет он, и жалобой волнует, 
 И будто просится в мою он снова грудь, 
 Чтоб навсегда потом в забвеньи утонуть. 
 Но как волне в исток, но как лучу к светилу -- 
 Возврата нет ему в желанную могилу; 
 А я люблю его, а я бы не хотел, 
 Чтоб он исчез как дым, как призрак улетел, -- 
 Пускай еще живет, ему приют найду я, -- 
 Есть сердце, есть душа, которые люблю я, 
 Там будет принят он, там будет он любим, 
 Как память, как залог моей души храним; 
 Незримый, о себе напоминать он станет: 
 То ласковой ко мне улыбкой он проглянет, 
 То легким пробежит румянцем на щеках, 
 То вспыхнет негою в пленительных очах, 
 И, вздохом окрылен, трепещущий, стыдливый, 
 Сольется с шепотом любви моей счастливой 
 Или со временем, давно забытый мной, 
 Печальный, он блеснет понятною слезой...


"
"30",1839,"Памятник Петру Великому : «Столицы Невской посетитель...»","Столицы Невской посетитель, 
 Кто б ни был ты, -- Петру поклон! 
 Сей Медный всадник -- это он, 
 Ее державный прародитель! 
 Как мощны конь и человек! 
 То Петр творящей мыслью правит, 
 Летит, отважный, в новый век 
 И змея древних козней давит... 
 И здесь, руки простерший кисть, 
 Еще в металле жизнью дышит, 
 Из медных уст -- Россия слышит -- 
 Гремит: «Да будет свет!» -- И бысть!


"
"31",1840,"«Отгрянуло в безднах творящее слово...»","Отгрянуло в безднах творящее слово, 
 Стихии, как волны, кипят, 
 Сошлись -- разделились -- и жизнию новой 
 В несчетных светилах горят... 
 Всё к цели стремится; один, в беспрерывном 
 Волненьи, без цели гоним, 
 Один, бесприютный, в создании дивном 
 Отпадший летит серафим.


Куда бы смущенным ни кинул он взором -- 
 Повсюду пред ним чудеса: 
 Вот катятся звезды бесчисленным хором, 
 Осыпав кругом небеса, 
 Вот солнце стремится -- он бросился мимо, 
 Другое навстречу летит, 
 И сонм их блестящий ему нестерпимой 
 Создателя славой звучит.


К земле опустил он с отчаяньем взоры -- 
 Весну торжествует земля: 
 Цветами пахнули долины и горы, 
 Цветами сверкнули поля! 
 И желчные слезы с ланит его бледных 
 В цветы, мимолетом, скользят -- 
 Те слезы и ныне в цветах этих бедных 
 Отравой смертельной горят!


"
"32",1840,"Звезда : «Когда по воле исполина...»","Когда по воле исполина 
 Текла несметная дружина, 
 Звезда побед ее вела, 
 И, мнилось, царствам в поруганье 
 Сосредоточила сиянье 
 Вокруг избранного чела.


Питомцы мира и покоя, 
 Народы робкие без боя 
 Безмолвно поклонялись ей; 
 Она ж, в своем полете скором, 
 Блестящим, дивным метеором 
 Неслась чем дале, тем быстрей.


И вот, явлением нежданным, 
 Под небом Севера туманным 
 Внезапно вспыхнула она, 
 Мгновенно очи ослепила 
 И страшным блеском пробудила 
 Холодный Север ото сна.


Крепка любовью и молитвой, 
 На смерть решительною битвой 
 Воздвиглась Русская земля -- 
 И участь грозного свершилась: 
 Звезда победная затмилась 
 В кровавом зареве Кремля!


И что ж? .. Приемля дар свободы, 
 Еще со страхом ждут народы, 
 Откуда вновь она блеснет: 
 Не с берегов ли шумной Сены, 
 Иль на гранит Святой Елены 
 Опять к любимцу низойдет?


Не там!.. Любви народной сила 
 Ее полет остановила, 
 И на седине вековой 
 Она с Кремля блеснула взорам -- 
 Но не мгновенным метеором, 
 А неподвижною звездой!


"
"33",1859,"Эпилог : «На эти беглые листы...»","На эти беглые листы 
 Гляжу еще не без волненья: 
 Здесь первой юности мечты, 
 Здесь жизни трудные мгновенья 
 Противоречий много в них, 
 Но жизнь полна противоречьем, 
 И с нею в лад послушный стих 
 Звучал моим чистосердечьем.


И не напрасно, может быть, 
 Те песни скорби отвечали; 
 Они мне сердце волновали, 
 И сердцу не дали остыть! 
 Среди живых оно живое, 
 Движеньем их увлечено, 
 И поколенье молодое 
 Тепло приветствует оно.


Теперь, в разгаре жизни новой, 
 Пусть новый деятель кипит, 
 Смелее мысль, вольнее слово -- 
 Широкий путь ему открыт! 
 И жду я: в мысли вдохновенной 
 Творящий гений низойдет 
 И над Россией возрожденной 
 Далече крылья распахнет!


И ты, поэт, символ движенья, 
 Стремленья века упреди 
 И звучный праздник обновленья 
 Высокой песнью возвести!


"
